State,Year,Population
Alabama,1997,4.368078176
Alabama,1998,4.405940594
Alabama,1999,4.429409847
Alabama,2000,4.452440551
Alabama,2001,4.467493298
Alabama,2002,4.475728155
Alabama,2003,4.509677419
Alabama,2004,4.536741214
Alabama,2005,4.570063694
Alabama,2006,4.628571429
Alabama,2007,4.676190476
Alabama,2008,4.725423729
Alabama,2009,4.753968254
Alabama,2010,4.783393502
Alabama,2011,4.796296296
Alabama,2012,4.807843137
Alabama,2013,4.83935743
Alabama,2014,4.845849802
Alabama,2015,4.845528455
Alabama,2016,4.871794872
Alabama,2017,4.869955157
Alabama,2018,4.886956522
Alabama,2019,4.921296296
Alaska,1997,0.613095238
Alaska,1998,0.619676946
Alaska,1999,0.624963546
Alaska,2000,0.628332613
Alaska,2001,0.634033676
Alaska,2002,0.641141141
Alaska,2003,0.648036254
Alaska,2004,0.659058488
Alaska,2005,0.667134831
Alaska,2006,0.674591382
Alaska,2007,0.680685358
Alaska,2008,0.687170475
Alaska,2009,0.699812383
Alaska,2010,0.713461538
Alaska,2011,0.721789883
Alaska,2012,0.731313131
Alaska,2013,0.737527115
Alaska,2014,0.736956522
Alaska,2015,0.736842105
Alaska,2016,0.742222222
Alaska,2017,0.740659341
Alaska,2018,0.737179487
Alaska,2019,0.734475375
Arizona,1997,4.748344371
Arizona,1998,4.885350318
Arizona,1999,5.023676012
Arizona,2000,5.157832043
Arizona,2001,5.272997033
Arizona,2002,5.384146341
Arizona,2003,5.518292683
Arizona,2004,5.656976744
Arizona,2005,5.826347305
Arizona,2006,6.017964072
Arizona,2007,6.168674699
Arizona,2008,6.294478528
Arizona,2009,6.344594595
Arizona,2010,6.419354839
Arizona,2011,6.470198675
Arizona,2012,6.54109589
Arizona,2013,6.62
Arizona,2014,6.710344828
Arizona,2015,6.834532374
Arizona,2016,6.938931298
Arizona,2017,7.0703125
Arizona,2018,7.183206107
Arizona,2019,7.283464567
Arkansas,1997,2.603524229
Arkansas,1998,2.630434783
Arkansas,1999,2.65243129
Arkansas,2000,2.677664975
Arkansas,2001,2.692373977
Arkansas,2002,2.707964602
Arkansas,2003,2.728070175
Arkansas,2004,2.753303965
Arkansas,2005,2.774193548
Arkansas,2006,2.822727273
Arkansas,2007,2.855855856
Arkansas,2008,2.878923767
Arkansas,2009,2.900943396
Arkansas,2010,2.924778761
Arkansas,2011,2.947598253
Arkansas,2012,2.959821429
Arkansas,2013,2.965367965
Arkansas,2014,2.969827586
Arkansas,2015,2.984848485
Arkansas,2016,2.985576923
Arkansas,2017,3
Arkansas,2018,3.012765957
Arkansas,2019,3.027906977
California,1997,32.34862385
California,1998,32.96363636
California,1999,33.49588289
California,2000,33.98222222
California,2001,34.48389982
California,2002,34.94545455
California,2003,35.33962264
California,2004,35.69090909
California,2005,35.74311927
California,2006,36.16363636
California,2007,36.27027027
California,2008,36.57142857
California,2009,37.03
California,2010,37.14583333
California,2011,37.65934066
California,2012,37.90217391
California,2013,38.42857143
California,2014,38.37777778
California,2015,39.04444444
California,2016,39.26666667
California,2017,39.17582418
California,2018,39.40659341
California,2019,39.36263736
Colorado,1997,4.026455026
Colorado,1998,4.126315789
Colorado,1999,4.226365546
Colorado,2000,4.326923077
Colorado,2001,4.425521822
Colorado,2002,4.490196078
Colorado,2003,4.527363184
Colorado,2004,4.583333333
Colorado,2005,4.623188406
Colorado,2006,4.712195122
Colorado,2007,4.797101449
Colorado,2008,4.894472362
Colorado,2009,4.962765957
Colorado,2010,5.047368421
Colorado,2011,5.110497238
Colorado,2012,5.181818182
Colorado,2013,5.262857143
Colorado,2014,5.36416185
Colorado,2015,5.467065868
Colorado,2016,5.525
Colorado,2017,5.620253165
Colorado,2018,5.702531646
Colorado,2019,5.767295597
Connecticut,1997,3.357142857
Connecticut,1998,3.352941176
Connecticut,1999,3.385690789
Connecticut,2000,3.415802075
Connecticut,2001,3.431874484
Connecticut,2002,3.448275862
Connecticut,2003,3.495934959
Connecticut,2004,3.4921875
Connecticut,2005,3.512
Connecticut,2006,3.525862069
Connecticut,2007,3.51754386
Connecticut,2008,3.556603774
Connecticut,2009,3.564356436
Connecticut,2010,3.568627451
Connecticut,2011,3.571428571
Connecticut,2012,3.610526316
Connecticut,2013,3.604166667
Connecticut,2014,3.608247423
Connecticut,2015,3.594059406
Connecticut,2016,3.589473684
Connecticut,2017,3.568421053
Connecticut,2018,3.561904762
Connecticut,2019,3.553398058
Delaware,1997,0.75
Delaware,1998,0.764150943
Delaware,1999,0.775047259
Delaware,2000,0.786993402
Delaware,2001,0.796416127
Delaware,2002,0.807106599
Delaware,2003,0.81773399
Delaware,2004,0.83
Delaware,2005,0.844660194
Delaware,2006,0.857142857
Delaware,2007,0.87244898
Delaware,2008,0.885245902
Delaware,2009,0.888059701
Delaware,2010,0.903448276
Delaware,2011,0.908496732
Delaware,2012,0.918238994
Delaware,2013,0.921052632
Delaware,2014,0.932432432
Delaware,2015,0.939189189
Delaware,2016,0.947368421
Delaware,2017,0.958333333
Delaware,2018,0.965517241
Delaware,2019,0.978417266
Florida,1997,15.23076923
Florida,1998,15.45637584
Florida,1999,15.76337449
Florida,2000,16.04697987
Florida,2001,16.35906272
Florida,2002,16.63448276
Florida,2003,17
Florida,2004,17.37162162
Florida,2005,17.80821918
Florida,2006,18.11888112
Florida,2007,18.33571429
Florida,2008,18.48837209
Florida,2009,18.725
Florida,2010,18.88461538
Florida,2011,19.04918033
Florida,2012,19.23728814
Florida,2013,19.56896552
Florida,2014,19.91452991
Florida,2015,20.29059829
Florida,2016,20.59482759
Florida,2017,20.9122807
Florida,2018,21.22807018
Florida,2019,21.43119266
Georgia,1997,7.700980392
Georgia,1998,7.880597015
Georgia,1999,8.045977011
Georgia,2000,8.229873909
Georgia,2001,8.377397615
Georgia,2002,8.5
Georgia,2003,8.611111111
Georgia,2004,8.765
Georgia,2005,8.923076923
Georgia,2006,9.145
Georgia,2007,9.373737374
Georgia,2008,9.483516484
Georgia,2009,9.644970414
Georgia,2010,9.733333333
Georgia,2011,9.81595092
Georgia,2012,9.902097902
Georgia,2013,9.993006993
Georgia,2014,10.07482993
Georgia,2015,10.18881119
Georgia,2016,10.32857143
Georgia,2017,10.42647059
Georgia,2018,10.51111111
Georgia,2019,10.6640625
Hawaii,1997,1.214285714
Hawaii,1998,1.214285714
Hawaii,1999,1.209592641
Hawaii,2000,1.211924822
Hawaii,2001,1.225703325
Hawaii,2002,1.236363636
Hawaii,2003,1.25
Hawaii,2004,1.278409091
Hawaii,2005,1.292134831
Hawaii,2006,1.310734463
Hawaii,2007,1.318681319
Hawaii,2008,1.331034483
Hawaii,2009,1.342857143
Hawaii,2010,1.36
Hawaii,2011,1.382550336
Hawaii,2012,1.4
Hawaii,2013,1.405594406
Hawaii,2014,1.420289855
Hawaii,2015,1.424460432
Hawaii,2016,1.424460432
Hawaii,2017,1.426573427
Hawaii,2018,1.41958042
Hawaii,2019,1.413793103
Idaho,1997,1.232142857
Idaho,1998,1.25
Idaho,1999,1.275684932
Idaho,2000,1.299668874
Idaho,2001,1.320338983
Idaho,2002,1.339285714
Idaho,2003,1.367924528
Idaho,2004,1.389380531
Idaho,2005,1.423423423
Idaho,2006,1.462962963
Idaho,2007,1.509259259
Idaho,2008,1.534653465
Idaho,2009,1.551020408
Idaho,2010,1.582524272
Idaho,2011,1.584158416
Idaho,2012,1.595959596
Idaho,2013,1.607476636
Idaho,2014,1.631067961
Idaho,2015,1.651376147
Idaho,2016,1.678899083
Idaho,2017,1.71559633
Idaho,2018,1.743119266
Idaho,2019,1.794642857
Illinois,1997,12.19459459
Illinois,1998,12.26553672
Illinois,1999,12.36002179
Illinois,2000,12.43515087
Illinois,2001,12.48530227
Illinois,2002,12.5
Illinois,2003,12.57608696
Illinois,2004,12.58201058
Illinois,2005,12.59793814
Illinois,2006,12.64705882
Illinois,2007,12.70833333
Illinois,2008,12.74736842
Illinois,2009,12.76404494
Illinois,2010,12.81868132
Illinois,2011,12.89444444
Illinois,2012,12.88235294
Illinois,2013,12.90607735
Illinois,2014,12.86413043
Illinois,2015,12.89411765
Illinois,2016,12.80864198
Illinois,2017,12.79503106
Illinois,2018,12.76047904
Illinois,2019,12.63354037
Indiana,1997,5.956284153
Indiana,1998,6.00273224
Indiana,1999,6.045648692
Indiana,2000,6.091486658
Indiana,2001,6.128525812
Indiana,2002,6.155672823
Indiana,2003,6.19379845
Indiana,2004,6.236363636
Indiana,2005,6.278947368
Indiana,2006,6.328877005
Indiana,2007,6.378378378
Indiana,2008,6.418282548
Indiana,2009,6.453703704
Indiana,2010,6.5
Indiana,2011,6.51552795
Indiana,2012,6.535117057
Indiana,2013,6.582236842
Indiana,2014,6.596153846
Indiana,2015,6.614840989
Indiana,2016,6.635036496
Indiana,2017,6.662878788
Indiana,2018,6.709219858
Indiana,2019,6.721374046
Iowa,1997,2.887159533
Iowa,1998,2.902255639
Iowa,1999,2.918222554
Iowa,2000,2.928808558
Iowa,2001,2.932533733
Iowa,2002,2.92936803
Iowa,2003,2.944029851
Iowa,2004,2.95202952
Iowa,2005,2.966666667
Iowa,2006,2.978021978
Iowa,2007,3
Iowa,2008,3.02006689
Iowa,2009,3.028368794
Iowa,2010,3.050675676
Iowa,2011,3.063157895
Iowa,2012,3.071698113
Iowa,2013,3.097744361
Iowa,2014,3.111940299
Iowa,2015,3.120967742
Iowa,2016,3.13559322
Iowa,2017,3.139917695
Iowa,2018,3.145038168
Iowa,2019,3.155102041
Kansas,1997,2.637037037
Kansas,1998,2.66539924
Kansas,1999,2.678362573
Kansas,2000,2.693674485
Kansas,2001,2.702407825
Kansas,2002,2.715302491
Kansas,2003,2.726643599
Kansas,2004,2.735714286
Kansas,2005,2.748120301
Kansas,2006,2.761363636
Kansas,2007,2.781690141
Kansas,2008,2.808988764
Kansas,2009,2.837209302
Kansas,2010,2.858267717
Kansas,2011,2.87398374
Kansas,2012,2.886462882
Kansas,2013,2.89626556
Kansas,2014,2.904958678
Kansas,2015,2.905405405
Kansas,2016,2.911627907
Kansas,2017,2.906403941
Kansas,2018,2.912037037
Kansas,2019,2.908653846
Kentucky,1997,3.950276243
Kentucky,1998,3.983098592
Kentucky,1999,4.018411652
Kentucky,2000,4.048995321
Kentucky,2001,4.067600323
Kentucky,2002,4.089189189
Kentucky,2003,4.116991643
Kentucky,2004,4.142091153
Kentucky,2005,4.179144385
Kentucky,2006,4.220744681
Kentucky,2007,4.260752688
Kentucky,2008,4.292011019
Kentucky,2009,4.319526627
Kentucky,2010,4.34375
Kentucky,2011,4.369942197
Kentucky,2012,4.39375
Kentucky,2013,4.406940063
Kentucky,2014,4.41509434
Kentucky,2015,4.420875421
Kentucky,2016,4.433566434
Kentucky,2017,4.458015267
Kentucky,2018,4.465454545
Kentucky,2019,4.472868217
Louisiana,1997,4.419161677
Louisiana,1998,4.439232409
Louisiana,1999,4.461322385
Louisiana,2000,4.471923779
Louisiana,2001,4.478251071
Louisiana,2002,4.496703297
Louisiana,2003,4.520179372
Louisiana,2004,4.549234136
Louisiana,2005,4.578231293
Louisiana,2006,4.305327869
Louisiana,2007,4.378378378
Louisiana,2008,4.436956522
Louisiana,2009,4.489559165
Louisiana,2010,4.542410714
Louisiana,2011,4.579295154
Louisiana,2012,4.605140187
Louisiana,2013,4.621026895
Louisiana,2014,4.645885287
Louisiana,2015,4.663316583
Louisiana,2016,4.680693069
Louisiana,2017,4.671497585
Louisiana,2018,4.657894737
Louisiana,2019,4.662679426
Maine,1997,1.256410256
Maine,1998,1.261437908
Maine,1999,1.266750157
Maine,2000,1.274397245
Maine,2001,1.286206897
Maine,2002,1.298913043
Maine,2003,1.307692308
Maine,2004,1.316939891
Maine,2005,1.32
Maine,2006,1.325
Maine,2007,1.32278481
Maine,2008,1.328671329
Maine,2009,1.326086957
Maine,2010,1.328358209
Maine,2011,1.330769231
Maine,2012,1.322033898
Maine,2013,1.333333333
Maine,2014,1.322580645
Maine,2015,1.325396825
Maine,2016,1.338842975
Maine,2017,1.339130435
Maine,2018,1.345454545
Maine,2019,1.345794393
Maryland,1997,5.163120567
Maryland,1998,5.205479452
Maryland,1999,5.254679144
Maryland,2000,5.311231394
Maryland,2001,5.375510204
Maryland,2002,5.455172414
Maryland,2003,5.48
Maryland,2004,5.56
Maryland,2005,5.592105263
Maryland,2006,5.625899281
Maryland,2007,5.647482014
Maryland,2008,5.694656489
Maryland,2009,5.712
Maryland,2010,5.804878049
Maryland,2011,5.817391304
Maryland,2012,5.886792453
Maryland,2013,5.923076923
Maryland,2014,5.944444444
Maryland,2015,5.990384615
Maryland,2016,5.99009901
Maryland,2017,6.043956044
Maryland,2018,6.049019608
Maryland,2019,6.053191489
Massachusetts,1997,6.218978102
Massachusetts,1998,6.295454545
Massachusetts,1999,6.319248826
Massachusetts,2000,6.360123648
Massachusetts,2001,6.400468384
Massachusetts,2002,6.434108527
Massachusetts,2003,6.424242424
Massachusetts,2004,6.426356589
Massachusetts,2005,6.393939394
Massachusetts,2006,6.43697479
Massachusetts,2007,6.443548387
Massachusetts,2008,6.445378151
Massachusetts,2009,6.518518519
Massachusetts,2010,6.558558559
Massachusetts,2011,6.615384615
Massachusetts,2012,6.64893617
Massachusetts,2013,6.717171717
Massachusetts,2014,6.760416667
Massachusetts,2015,6.806122449
Massachusetts,2016,6.819148936
Massachusetts,2017,6.882978723
Massachusetts,2018,6.892473118
Massachusetts,2019,6.880434783
Michigan,1997,9.790816327
Michigan,1998,9.850515464
Michigan,1999,9.895574341
Michigan,2000,9.953964194
Michigan,2001,9.992092778
Michigan,2002,9.989417989
Michigan,2003,10.05913978
Michigan,2004,10.04787234
Michigan,2005,10.05820106
Michigan,2006,10.01675978
Michigan,2007,10
Michigan,2008,9.971590909
Michigan,2009,9.927710843
Michigan,2010,9.852941176
Michigan,2011,9.908536585
Michigan,2012,9.898089172
Michigan,2013,9.939393939
Michigan,2014,9.939393939
Michigan,2015,9.909638554
Michigan,2016,9.967741935
Michigan,2017,9.980769231
Michigan,2018,9.981707317
Michigan,2019,10.01257862
Minnesota,1997,4.751295337
Minnesota,1998,4.806282723
Minnesota,1999,4.873157895
Minnesota,2000,4.932126697
Minnesota,2001,4.981627297
Minnesota,2002,5.015463918
Minnesota,2003,5.044554455
Minnesota,2004,5.090909091
Minnesota,2005,5.115577889
Minnesota,2006,5.161458333
Minnesota,2007,5.212435233
Minnesota,2008,5.235602094
Minnesota,2009,5.268571429
Minnesota,2010,5.312138728
Minnesota,2011,5.34502924
Minnesota,2012,5.366459627
Minnesota,2013,5.404761905
Minnesota,2014,5.448863636
Minnesota,2015,5.478527607
Minnesota,2016,5.521212121
Minnesota,2017,5.567073171
Minnesota,2018,5.609467456
Minnesota,2019,5.650306748
Mississippi,1997,2.776119403
Mississippi,1998,2.801980198
Mississippi,1999,2.828347906
Mississippi,2000,2.850510678
Mississippi,2001,2.853229763
Mississippi,2002,2.858447489
Mississippi,2003,2.861607143
Mississippi,2004,2.881578947
Mississippi,2005,2.909090909
Mississippi,2006,2.903508772
Mississippi,2007,2.931330472
Mississippi,2008,2.940909091
Mississippi,2009,2.96097561
Mississippi,2010,2.976635514
Mississippi,2011,2.974619289
Mississippi,2012,2.990049751
Mississippi,2013,2.989528796
Mississippi,2014,2.99
Mississippi,2015,2.990243902
Mississippi,2016,2.995192308
Mississippi,2017,2.995049505
Mississippi,2018,2.981132075
Mississippi,2019,2.976190476
Missouri,1997,5.47826087
Missouri,1998,5.52742616
Missouri,1999,5.562130178
Missouri,2000,5.60619469
Missouri,2001,5.641975309
Missouri,2002,5.668085106
Missouri,2003,5.719512195
Missouri,2004,5.740890688
Missouri,2005,5.78
Missouri,2006,5.840816327
Missouri,2007,5.875518672
Missouri,2008,5.91025641
Missouri,2009,5.95045045
Missouri,2010,6.004385965
Missouri,2011,6
Missouri,2012,6.03271028
Missouri,2013,6.031531532
Missouri,2014,6.068181818
Missouri,2015,6.082926829
Missouri,2016,6.102564103
Missouri,2017,6.102941176
Missouri,2018,6.117647059
Missouri,2019,6.12565445
Montana,1997,0.889880952
Montana,1998,0.891666667
Montana,1999,0.89797593
Montana,2000,0.904694168
Montana,2001,0.906904358
Montana,2002,0.911764706
Montana,2003,0.91966759
Montana,2004,0.928
Montana,2005,0.939790576
Montana,2006,0.952380952
Montana,2007,0.964467005
Montana,2008,0.976377953
Montana,2009,0.982195846
Montana,2010,0.991501416
Montana,2011,1
Montana,2012,1.006535948
Montana,2013,1.012618297
Montana,2014,1.025157233
Montana,2015,1.028481013
Montana,2016,1.040133779
Montana,2017,1.054054054
Montana,2018,1.06462585
Montana,2019,1.069536424
Nebraska,1997,1.683127572
Nebraska,1998,1.695652174
Nebraska,1999,1.705353494
Nebraska,2000,1.71534348
Nebraska,2001,1.719839679
Nebraska,2002,1.730612245
Nebraska,2003,1.737051793
Nebraska,2004,1.75
Nebraska,2005,1.759036145
Nebraska,2006,1.772
Nebraska,2007,1.784
Nebraska,2008,1.792307692
Nebraska,2009,1.812260536
Nebraska,2010,1.831501832
Nebraska,2011,1.838596491
Nebraska,2012,1.853479853
Nebraska,2013,1.864111498
Nebraska,2014,1.884476534
Nebraska,2015,1.891791045
Nebraska,2016,1.905511811
Nebraska,2017,1.916
Nebraska,2018,1.926470588
Nebraska,2019,1.9348659
Nevada,1997,1.768518519
Nevada,1998,1.854545455
Nevada,1999,1.935077067
Nevada,2000,2.017699115
Nevada,2001,2.098360656
Nevada,2002,2.171875
Nevada,2003,2.244897959
Nevada,2004,2.346341463
Nevada,2005,2.436893204
Nevada,2006,2.527272727
Nevada,2007,2.596273292
Nevada,2008,2.662337662
Nevada,2009,2.68707483
Nevada,2010,2.705882353
Nevada,2011,2.707142857
Nevada,2012,2.746376812
Nevada,2013,2.776223776
Nevada,2014,2.819444444
Nevada,2015,2.873134328
Nevada,2016,2.919708029
Nevada,2017,2.977777778
Nevada,2018,3.02189781
Nevada,2019,3.088888889
New Hampshire,1997,1.18705036
New Hampshire,1998,1.204379562
New Hampshire,1999,1.222547584
New Hampshire,2000,1.242015614
New Hampshire,2001,1.255555556
New Hampshire,2002,1.273381295
New Hampshire,2003,1.280487805
New Hampshire,2004,1.294117647
New Hampshire,2005,1.298780488
New Hampshire,2006,1.310810811
New Hampshire,2007,1.315068493
New Hampshire,2008,1.316901408
New Hampshire,2009,1.315384615
New Hampshire,2010,1.322834646
New Hampshire,2011,1.322580645
New Hampshire,2012,1.324324324
New Hampshire,2013,1.321100917
New Hampshire,2014,1.333333333
New Hampshire,2015,1.342105263
New Hampshire,2016,1.339805825
New Hampshire,2017,1.35
New Hampshire,2018,1.352380952
New Hampshire,2019,1.362745098
New Jersey,1997,8.202614379
New Jersey,1998,8.280821918
New Jersey,1999,8.361372813
New Jersey,2000,8.430311231
New Jersey,2001,8.489853044
New Jersey,2002,8.521126761
New Jersey,2003,8.576388889
New Jersey,2004,8.636986301
New Jersey,2005,8.649006623
New Jersey,2006,8.669014085
New Jersey,2007,8.662251656
New Jersey,2008,8.727891156
New Jersey,2009,8.779527559
New Jersey,2010,8.8
New Jersey,2011,8.823529412
New Jersey,2012,8.839285714
New Jersey,2013,8.884955752
New Jersey,2014,8.889830508
New Jersey,2015,8.863247863
New Jersey,2016,8.87394958
New Jersey,2017,8.866071429
New Jersey,2018,8.906779661
New Jersey,2019,8.920353982
New Mexico,1997,1.771428571
New Mexico,1998,1.792880259
New Mexico,1999,1.808285164
New Mexico,2000,1.822444514
New Mexico,2001,1.83213053
New Mexico,2002,1.856187291
New Mexico,2003,1.87987013
New Mexico,2004,1.9
New Mexico,2005,1.931818182
New Mexico,2006,1.961038961
New Mexico,2007,1.986531987
New Mexico,2008,2.014184397
New Mexico,2009,2.038869258
New Mexico,2010,2.0651341
New Mexico,2011,2.085185185
New Mexico,2012,2.084615385
New Mexico,2013,2.093385214
New Mexico,2014,2.090909091
New Mexico,2015,2.086419753
New Mexico,2016,2.094420601
New Mexico,2017,2.092827004
New Mexico,2018,2.095890411
New Mexico,2019,2.098712446
New York,1997,18.73394495
New York,1998,18.80555556
New York,1999,18.87614679
New York,2000,18.99731423
New York,2001,19.07889908
New York,2002,19.0754717
New York,2003,19.18918919
New York,2004,19.23214286
New York,2005,19.05405405
New York,2006,19.17821782
New York,2007,19.22115385
New York,2008,19.2020202
New York,2009,19.34444444
New York,2010,19.47368421
New York,2011,19.47777778
New York,2012,19.52325581
New York,2013,19.6627907
New York,2014,19.57777778
New York,2015,19.59550562
New York,2016,19.56321839
New York,2017,19.50588235
New York,2018,19.45555556
New York,2019,19.42528736
North Carolina,1997,7.650537634
North Carolina,1998,7.807692308
North Carolina,1999,7.949745906
North Carolina,2000,8.081300813
North Carolina,2001,8.208191126
North Carolina,2002,8.325714286
North Carolina,2003,8.411428571
North Carolina,2004,8.534090909
North Carolina,2005,8.711864407
North Carolina,2006,8.898203593
North Carolina,2007,9.136094675
North Carolina,2008,9.3125
North Carolina,2009,9.432624113
North Carolina,2010,9.558441558
North Carolina,2011,9.678832117
North Carolina,2012,9.7265625
North Carolina,2013,9.859375
North Carolina,2014,9.946153846
North Carolina,2015,10.06451613
North Carolina,2016,10.15447154
North Carolina,2017,10.26271186
North Carolina,2018,10.35
North Carolina,2019,10.47863248
North Dakota,1997,0.650273224
North Dakota,1998,0.648074369
North Dakota,1999,0.643982438
North Dakota,2000,0.641731298
North Dakota,2001,0.639021993
North Dakota,2002,0.638376384
North Dakota,2003,0.638613861
North Dakota,2004,0.645618557
North Dakota,2005,0.645554202
North Dakota,2006,0.649367089
North Dakota,2007,0.65270936
North Dakota,2008,0.657635468
North Dakota,2009,0.664961637
North Dakota,2010,0.674329502
North Dakota,2011,0.685606061
North Dakota,2012,0.70260223
North Dakota,2013,0.722222222
North Dakota,2014,0.739401496
North Dakota,2015,0.755874674
North Dakota,2016,0.755158184
North Dakota,2017,0.756648936
North Dakota,2018,0.76025641
North Dakota,2019,0.764705882
Ohio,1997,11.26293103
Ohio,1998,11.33478261
Ohio,1999,11.33362407
Ohio,2000,11.36344269
Ohio,2001,11.38741135
Ohio,2002,11.42608696
Ohio,2003,11.42194093
Ohio,2004,11.4612069
Ohio,2005,11.47257384
Ohio,2006,11.48484848
Ohio,2007,11.49576271
Ohio,2008,11.50869565
Ohio,2009,11.52403846
Ohio,2010,11.55140187
Ohio,2011,11.5245098
Ohio,2012,11.55376344
Ohio,2013,11.57360406
Ohio,2014,11.6010101
Ohio,2015,11.6043956
Ohio,2016,11.66477273
Ohio,2017,11.65340909
Ohio,2018,11.67597765
Ohio,2019,11.70833333
Oklahoma,1997,3.376712329
Oklahoma,1998,3.407017544
Oklahoma,1999,3.436941765
Oklahoma,2000,3.455172414
Oklahoma,2001,3.467190704
Oklahoma,2002,3.491408935
Oklahoma,2003,3.505050505
Oklahoma,2004,3.522968198
Oklahoma,2005,3.546666667
Oklahoma,2006,3.588815789
Oklahoma,2007,3.634551495
Oklahoma,2008,3.672131148
Oklahoma,2009,3.713286713
Oklahoma,2010,3.765124555
Oklahoma,2011,3.790780142
Oklahoma,2012,3.821167883
Oklahoma,2013,3.857677903
Oklahoma,2014,3.884758364
Oklahoma,2015,3.91796875
Oklahoma,2016,3.92244898
Oklahoma,2017,3.924369748
Oklahoma,2018,3.935742972
Oklahoma,2019,3.965065502
Oregon,1997,3.293577982
Oregon,1998,3.35483871
Oregon,1999,3.393081761
Oregon,2000,3.426919901
Oregon,2001,3.466723549
Oregon,2002,3.522522523
Oregon,2003,3.553571429
Oregon,2004,3.570175439
Oregon,2005,3.605263158
Oregon,2006,3.663636364
Oregon,2007,3.735042735
Oregon,2008,3.769911504
Oregon,2009,3.813084112
Oregon,2010,3.830188679
Oregon,2011,3.854166667
Oregon,2012,3.904255319
Oregon,2013,3.939393939
Oregon,2014,3.978947368
Oregon,2015,4.031914894
Oregon,2016,4.097826087
Oregon,2017,4.127659574
Oregon,2018,4.168421053
Oregon,2019,4.222222222
Pennsylvania,1997,12.25221239
Pennsylvania,1998,12.2718894
Pennsylvania,1999,12.26342593
Pennsylvania,2000,12.28495809
Pennsylvania,2001,12.29791183
Pennsylvania,2002,12.30316742
Pennsylvania,2003,12.39013453
Pennsylvania,2004,12.40888889
Pennsylvania,2005,12.46017699
Pennsylvania,2006,12.52727273
Pennsylvania,2007,12.54954955
Pennsylvania,2008,12.61214953
Pennsylvania,2009,12.6443299
Pennsylvania,2010,12.74129353
Pennsylvania,2011,12.73979592
Pennsylvania,2012,12.75531915
Pennsylvania,2013,12.79487179
Pennsylvania,2014,12.78974359
Pennsylvania,2015,12.7967033
Pennsylvania,2016,12.82352941
Pennsylvania,2017,12.81547619
Pennsylvania,2018,12.80232558
Pennsylvania,2019,12.78947368
Rhode Island,1997,1.03030303
Rhode Island,1998,1.029850746
Rhode Island,1999,1.040380048
Rhode Island,2000,1.052631579
Rhode Island,2001,1.056749785
Rhode Island,2002,1.063636364
Rhode Island,2003,1.074074074
Rhode Island,2004,1.078431373
Rhode Island,2005,1.066666667
Rhode Island,2006,1.060606061
Rhode Island,2007,1.057142857
Rhode Island,2008,1.04950495
Rhode Island,2009,1.046728972
Rhode Island,2010,1.057692308
Rhode Island,2011,1.057692308
Rhode Island,2012,1.060606061
Rhode Island,2013,1.063157895
Rhode Island,2014,1.05
Rhode Island,2015,1.058823529
Rhode Island,2016,1.054945055
Rhode Island,2017,1.063829787
Rhode Island,2018,1.067307692
Rhode Island,2019,1.06122449
South Carolina,1997,3.864864865
South Carolina,1998,3.926701571
South Carolina,1999,3.975733064
South Carolina,2000,4.023552502
South Carolina,2001,4.065217391
South Carolina,2002,4.110552764
South Carolina,2003,4.16080402
South Carolina,2004,4.2
South Carolina,2005,4.259615385
South Carolina,2006,4.351219512
South Carolina,2007,4.447761194
South Carolina,2008,4.526041667
South Carolina,2009,4.586592179
South Carolina,2010,4.643243243
South Carolina,2011,4.666666667
South Carolina,2012,4.715189873
South Carolina,2013,4.775510204
South Carolina,2014,4.819354839
South Carolina,2015,4.893333333
South Carolina,2016,4.952054795
South Carolina,2017,5.035971223
South Carolina,2018,5.075342466
South Carolina,2019,5.140740741
South Dakota,1997,0.747191011
South Dakota,1998,0.744186047
South Dakota,1999,0.749721293
South Dakota,2000,0.754516472
South Dakota,2001,0.758001123
South Dakota,2002,0.762430939
South Dakota,2003,0.766666667
South Dakota,2004,0.770949721
South Dakota,2005,0.773255814
South Dakota,2006,0.783625731
South Dakota,2007,0.794285714
South Dakota,2008,0.796791444
South Dakota,2009,0.807692308
South Dakota,2010,0.816216216
South Dakota,2011,0.824858757
South Dakota,2012,0.832402235
South Dakota,2013,0.846153846
South Dakota,2014,0.850828729
South Dakota,2015,0.854545455
South Dakota,2016,0.865497076
South Dakota,2017,0.875
South Dakota,2018,0.875706215
South Dakota,2019,0.888888889
Tennessee,1997,5.506726457
Tennessee,1998,5.570776256
Tennessee,1999,5.638366223
Tennessee,2000,5.702259637
Tennessee,2001,5.750904159
Tennessee,2002,5.798165138
Tennessee,2003,5.845794393
Tennessee,2004,5.91627907
Tennessee,2005,5.995327103
Tennessee,2006,6.098591549
Tennessee,2007,6.177033493
Tennessee,2008,6.25
Tennessee,2009,6.290123457
Tennessee,2010,6.354651163
Tennessee,2011,6.393939394
Tennessee,2012,6.470588235
Tennessee,2013,6.486666667
Tennessee,2014,6.52866242
Tennessee,2015,6.58
Tennessee,2016,6.671052632
Tennessee,2017,6.717241379
Tennessee,2018,6.797101449
Tennessee,2019,6.82962963
Texas,1997,19.74164134
Texas,1998,20.13190184
Texas,1999,20.55880483
Texas,2000,20.94304388
Texas,2001,21.32235369
Texas,2002,21.66773163
Texas,2003,22.00327869
Texas,2004,22.42474916
Texas,2005,22.78798587
Texas,2006,23.40072202
Texas,2007,23.84132841
Texas,2008,24.26459144
Texas,2009,24.80252101
Texas,2010,25.22131148
Texas,2011,25.60080645
Texas,2012,26.125
Texas,2013,26.52016129
Texas,2014,27.01632653
Texas,2015,27.41004184
Texas,2016,27.94893617
Texas,2017,28.29361702
Texas,2018,28.64853556
Texas,2019,28.94915254
Utah,1997,2.121527778
Utah,1998,2.170648464
Utah,1999,2.202821869
Utah,2000,2.245108136
Utah,2001,2.284164859
Utah,2002,2.327137546
Utah,2003,2.360594796
Utah,2004,2.4
Utah,2005,2.454545455
Utah,2006,2.529411765
Utah,2007,2.599264706
Utah,2008,2.664122137
Utah,2009,2.723849372
Utah,2010,2.770562771
Utah,2011,2.816593886
Utah,2012,2.851851852
Utah,2013,2.903930131
Utah,2014,2.941441441
Utah,2015,2.985915493
Utah,2016,3.046632124
Utah,2017,3.105263158
Utah,2018,3.154639175
Utah,2019,3.203125
Vermont,1997,0.596330275
Vermont,1998,0.605769231
Vermont,1999,0.605018587
Vermont,2000,0.611510791
Vermont,2001,0.611829945
Vermont,2002,0.621359223
Vermont,2003,0.62037037
Vermont,2004,0.622807018
Vermont,2005,0.618181818
Vermont,2006,0.626168224
Vermont,2007,0.619047619
Vermont,2008,0.621052632
Vermont,2009,0.626262626
Vermont,2010,0.627659574
Vermont,2011,0.623655914
Vermont,2012,0.632183908
Vermont,2013,0.626373626
Vermont,2014,0.627659574
Vermont,2015,0.62244898
Vermont,2016,0.621052632
Vermont,2017,0.623655914
Vermont,2018,0.627659574
Vermont,2019,0.625
Virginia,1997,6.832298137
Virginia,1998,6.907407407
Virginia,1999,6.998771499
Virginia,2000,7.106628242
Virginia,2001,7.196545563
Virginia,2002,7.274390244
Virginia,2003,7.386904762
Virginia,2004,7.467836257
Virginia,2005,7.567251462
Virginia,2006,7.6875
Virginia,2007,7.76969697
Virginia,2008,7.838926174
Virginia,2009,7.902985075
Virginia,2010,8.050359712
Virginia,2011,8.070866142
Virginia,2012,8.216666667
Virginia,2013,8.265625
Virginia,2014,8.325581395
Virginia,2015,8.341085271
Virginia,2016,8.404580153
Virginia,2017,8.448
Virginia,2018,8.534883721
Virginia,2019,8.544
Washington,1997,5.678571429
Washington,1998,5.767123288
Washington,1999,5.843792633
Washington,2000,5.907498248
Washington,2001,5.987218045
Washington,2002,6.05785124
Washington,2003,6.10483871
Washington,2004,6.158730159
Washington,2005,6.236220472
Washington,2006,6.363636364
Washington,2007,6.464566929
Washington,2008,6.545454545
Washington,2009,6.686956522
Washington,2010,6.733944954
Washington,2011,6.821782178
Washington,2012,6.928571429
Washington,2013,6.962264151
Washington,2014,7.038834951
Washington,2015,7.152380952
Washington,2016,7.28440367
Washington,2017,7.392523364
Washington,2018,7.495238095
Washington,2019,7.585585586
West Virginia,1997,1.819967267
West Virginia,1998,1.815748031
West Virginia,1999,1.81188735
West Virginia,2000,1.806683323
West Virginia,2001,1.800920402
West Virginia,2002,1.806697108
West Virginia,2003,1.811616954
West Virginia,2004,1.814814815
West Virginia,2005,1.820634921
West Virginia,2006,1.828025478
West Virginia,2007,1.833855799
West Virginia,2008,1.838499184
West Virginia,2009,1.846311475
West Virginia,2010,1.856088561
West Virginia,2011,1.857685009
West Virginia,2012,1.856854839
West Virginia,2013,1.856299213
West Virginia,2014,1.85
West Virginia,2015,1.843687375
West Virginia,2016,1.831395349
West Virginia,2017,1.819639279
West Virginia,2018,1.803643725
West Virginia,2019,1.794117647
Wisconsin,1997,5.260204082
Wisconsin,1998,5.293193717
Wisconsin,1999,5.3323217
Wisconsin,2000,5.373878365
Wisconsin,2001,5.408069459
Wisconsin,2002,5.441624365
Wisconsin,2003,5.471502591
Wisconsin,2004,5.528205128
Wisconsin,2005,5.55
Wisconsin,2006,5.572972973
Wisconsin,2007,5.604278075
Wisconsin,2008,5.631016043
Wisconsin,2009,5.670588235
Wisconsin,2010,5.689655172
Wisconsin,2011,5.709302326
Wisconsin,2012,5.716981132
Wisconsin,2013,5.723163842
Wisconsin,2014,5.75
Wisconsin,2015,5.774566474
Wisconsin,2016,5.759036145
Wisconsin,2017,5.8
Wisconsin,2018,5.816091954
Wisconsin,2019,5.81595092
Wyoming,1997,0.489238411
Wyoming,1998,0.491174213
Wyoming,1999,0.49201479
Wyoming,2000,0.494201883
Wyoming,2001,0.49495028
Wyoming,2002,0.5
Wyoming,2003,0.503120125
Wyoming,2004,0.508688784
Wyoming,2005,0.513709677
Wyoming,2006,0.523114355
Wyoming,2007,0.534827862
Wyoming,2008,0.545897644
Wyoming,2009,0.560314685
Wyoming,2010,0.565030146
Wyoming,2011,0.567282322
Wyoming,2012,0.576490925
Wyoming,2013,0.582417582
Wyoming,2014,0.582670203
Wyoming,2015,0.585923218
Wyoming,2016,0.58548233
Wyoming,2017,0.579870729
Wyoming,2018,0.578422484
Wyoming,2019,0.579980373
