state_name,year,percentage_manufacturing
Alabama,y1997,0.18702742722916008
Alabama,y1998,0.18661307298660762
Alabama,y1999,0.18552629190327463
Alabama,y2000,0.1810078622163891
Alabama,y2001,0.1723924159280156
Alabama,y2002,0.16666640523901022
Alabama,y2003,0.1620907831827337
Alabama,y2004,0.17878728797036458
Alabama,y2005,0.17629879859084352
Alabama,y2006,0.17732670947744025
Alabama,y2007,0.1680362271585753
Alabama,y2008,0.1663445566656716
Alabama,y2009,0.14766142341729904
Alabama,y2010,0.15507206802625909
Alabama,y2011,0.17073064639080976
Alabama,y2012,0.1694027070656898
Alabama,y2013,0.17319953241208727
Alabama,y2014,0.16895306091124476
Alabama,y2015,0.16568118972745297
Alabama,y2016,0.16619841788816428
Alabama,y2017,0.16805657646549588
Alabama,y2018,0.16989701709775945
Alabama,y2019,0.16233857243833374
Alabama,y2020,0.15748898726952595
Alabama,y2021,0.16213523275696348
Alaska,y1997,0.03370682040076247
Alaska,y1998,0.04618305644412342
Alaska,y1999,0.03573752338922499
Alaska,y2000,0.03095879372990234
Alaska,y2001,0.033273554876272635
Alaska,y2002,0.030890418324551028
Alaska,y2003,0.03439364003258641
Alaska,y2004,0.034603879622915154
Alaska,y2005,0.031335642744928956
Alaska,y2006,0.031015143888003086
Alaska,y2007,0.03123808832338047
Alaska,y2008,0.02684384779355073
Alaska,y2009,0.029080543979118374
Alaska,y2010,0.020770050026625866
Alaska,y2011,0.01704680269191494
Alaska,y2012,0.017020225243464714
Alaska,y2013,0.02314503464768017
Alaska,y2014,0.028280124422633307
Alaska,y2015,0.03561017577863273
Alaska,y2016,0.030957445340514162
Alaska,y2017,0.034317649695889754
Alaska,y2018,0.025957884693767516
Alaska,y2019,0.02729567658042316
Alaska,y2020,0.026872741870734643
Alaska,y2021,NA
Arizona,y1997,0.1621827775719869
Arizona,y1998,0.15502789202708117
Arizona,y1999,0.15365334709847084
Arizona,y2000,0.13919933717197006
Arizona,y2001,0.12929993438411816
Arizona,y2002,0.12372488052722572
Arizona,y2003,0.13246320782049104
Arizona,y2004,0.10426496227627334
Arizona,y2005,0.09031620874190875
Arizona,y2006,0.09187622226649374
Arizona,y2007,0.09403233457795189
Arizona,y2008,0.08951035652617086
Arizona,y2009,0.08409560258464771
Arizona,y2010,0.08843493806564126
Arizona,y2011,0.08938365916654305
Arizona,y2012,0.09027851458885942
Arizona,y2013,0.07978129993869162
Arizona,y2014,0.08367325229971086
Arizona,y2015,0.08623840279658898
Arizona,y2016,0.08460770904946764
Arizona,y2017,0.08671611340972793
Arizona,y2018,0.08981688017547494
Arizona,y2019,0.09001503291186043
Arizona,y2020,0.08580698332169358
Arizona,y2021,0.08510651233803787
Arkansas,y1997,0.22376320674795266
Arkansas,y1998,0.21597616540618336
Arkansas,y1999,0.2195945895379973
Arkansas,y2000,0.21188872791339358
Arkansas,y2001,0.19633174589013647
Arkansas,y2002,0.1982799447876849
Arkansas,y2003,0.19146045941869314
Arkansas,y2004,0.1910419767228954
Arkansas,y2005,0.18539362311952004
Arkansas,y2006,0.18589081002262317
Arkansas,y2007,0.1650603364856843
Arkansas,y2008,0.15416902357712814
Arkansas,y2009,0.14140979057124484
Arkansas,y2010,0.14769353559340404
Arkansas,y2011,0.1482460212483726
Arkansas,y2012,0.14057336893654007
Arkansas,y2013,0.1477285071709738
Arkansas,y2014,0.15206725710654612
Arkansas,y2015,0.14979522323384284
Arkansas,y2016,0.14731637801672479
Arkansas,y2017,0.14587879709228102
Arkansas,y2018,0.15018793227368596
Arkansas,y2019,0.15034786789045237
Arkansas,y2020,0.1453774243656057
Arkansas,y2021,0.14751005566417197
California,y1997,0.14572161584588797
California,y1998,0.14226954048050042
California,y1999,0.14416413821502655
California,y2000,0.15169515969117792
California,y2001,0.12921761936463833
California,y2002,0.1144382491735931
California,y2003,0.1181083459335944
California,y2004,0.1157806426410551
California,y2005,0.12282506998279248
California,y2006,0.12291367998190054
California,y2007,0.12308197052823158
California,y2008,0.12859844933033981
California,y2009,0.12305115651488582
California,y2010,0.11647768808511491
California,y2011,0.11182846553002224
California,y2012,0.11261568568286805
California,y2013,0.11316471940356061
California,y2014,0.11345982602134685
California,y2015,0.11321506823435848
California,y2016,0.11112166168411533
California,y2017,0.1153198864331878
California,y2018,0.1186690896103452
California,y2019,0.11678556682578113
California,y2020,0.11852795221262709
California,y2021,0.123180132319563
Colorado,y1997,0.10507623520164909
Colorado,y1998,0.09661810683163707
Colorado,y1999,0.08877141581782977
Colorado,y2000,0.08810295496247984
Colorado,y2001,0.07765520167031074
Colorado,y2002,0.07829164451975855
Colorado,y2003,0.0740654628517819
Colorado,y2004,0.07725873695676877
Colorado,y2005,0.07646578982053476
Colorado,y2006,0.07863898348869766
Colorado,y2007,0.07784090337356332
Colorado,y2008,0.07456087320475742
Colorado,y2009,0.07898890130347888
Colorado,y2010,0.07822874314460461
Colorado,y2011,0.077136665793199
Colorado,y2012,0.0753864110328943
Colorado,y2013,0.07293168869088675
Colorado,y2014,0.07215161984166316
Colorado,y2015,0.0724944507860568
Colorado,y2016,0.06912425355026815
Colorado,y2017,0.06542741276034464
Colorado,y2018,0.06476980792333087
Colorado,y2019,0.06487667572625427
Colorado,y2020,0.06498378006229731
Colorado,y2021,0.06576837447095735
Connecticut,y1997,0.15727186373632096
Connecticut,y1998,0.15168533533137882
Connecticut,y1999,0.15004514487400475
Connecticut,y2000,0.14025540065078923
Connecticut,y2001,0.1382144021082068
Connecticut,y2002,0.14982369235369122
Connecticut,y2003,0.1472102749714329
Connecticut,y2004,0.15786345773768665
Connecticut,y2005,0.15388378799559096
Connecticut,y2006,0.17101321209054623
Connecticut,y2007,0.16476202211385912
Connecticut,y2008,0.1623571588805073
Connecticut,y2009,0.12346998830214835
Connecticut,y2010,0.12431018321261184
Connecticut,y2011,0.12196585415856238
Connecticut,y2012,0.12069432850764118
Connecticut,y2013,0.12559219335749722
Connecticut,y2014,0.11898238826911925
Connecticut,y2015,0.115560346189686
Connecticut,y2016,0.10516997932645429
Connecticut,y2017,0.10667951481427751
Connecticut,y2018,0.11459963233722373
Connecticut,y2019,0.11774185542907184
Connecticut,y2020,0.10949780209960897
Connecticut,y2021,0.10853915849571802
Delaware,y1997,0.11867155972104793
Delaware,y1998,0.109378537163801
Delaware,y1999,0.10835764442274279
Delaware,y2000,0.09793032659552187
Delaware,y2001,0.09077123661220797
Delaware,y2002,0.07372061799715655
Delaware,y2003,0.0733505151396319
Delaware,y2004,0.09039076054889911
Delaware,y2005,0.08755308847920082
Delaware,y2006,0.0889959836445888
Delaware,y2007,0.09379857558714637
Delaware,y2008,0.08079185283755079
Delaware,y2009,0.0761628841636171
Delaware,y2010,0.07095687157753575
Delaware,y2011,0.06813345456085981
Delaware,y2012,0.06156402254204181
Delaware,y2013,0.06388598131446849
Delaware,y2014,0.059068359600729724
Delaware,y2015,0.0683720393414903
Delaware,y2016,0.05717540191766996
Delaware,y2017,0.06697855557720776
Delaware,y2018,0.06599988963690541
Delaware,y2019,0.06944375939420215
Delaware,y2020,0.06620572265509028
Delaware,y2021,0.06797227886647622
District of Columbia,y1997,0.005542477087285443
District of Columbia,y1998,0.005598801794389522
District of Columbia,y1999,0.004634541102225124
District of Columbia,y2000,0.004620831553257416
District of Columbia,y2001,0.004544419639105235
District of Columbia,y2002,0.004044651349051409
District of Columbia,y2003,0.003971221153885158
District of Columbia,y2004,0.004091584612447451
District of Columbia,y2005,0.003367598471030169
District of Columbia,y2006,0.0030116312056737587
District of Columbia,y2007,0.002810672023577231
District of Columbia,y2008,0.0025237068640605446
District of Columbia,y2009,0.002503832905242618
District of Columbia,y2010,0.0022610175144069213
District of Columbia,y2011,0.002562644444930484
District of Columbia,y2012,0.0020319730377952334
District of Columbia,y2013,0.00209446298719837
District of Columbia,y2014,0.001798775024159525
District of Columbia,y2015,0.0019878864922430696
District of Columbia,y2016,0.0021010639528695257
District of Columbia,y2017,0.002090092899681538
District of Columbia,y2018,0.002004509789333318
District of Columbia,y2019,0.0018150253071727777
District of Columbia,y2020,0.0017605779953346415
District of Columbia,y2021,NA
Florida,y1997,0.07431202188201137
Florida,y1998,0.07007879043217759
Florida,y1999,0.06694226441184747
Florida,y2000,0.06390435491481146
Florida,y2001,0.058164723597682426
Florida,y2002,0.055947420870822835
Florida,y2003,0.05312345095058606
Florida,y2004,0.05278794415234912
Florida,y2005,0.05200921043068667
Florida,y2006,0.053138488079924974
Florida,y2007,0.05399747672357347
Florida,y2008,0.05181154175424761
Florida,y2009,0.051693111836621466
Florida,y2010,0.049597759572564404
Florida,y2011,0.04868637784015677
Florida,y2012,0.04733290946573416
Florida,y2013,0.04990368360177133
Florida,y2014,0.051071959782663316
Florida,y2015,0.05421455270269809
Florida,y2016,0.05330399825877626
Florida,y2017,0.05279451839730388
Florida,y2018,0.05204968548363998
Florida,y2019,0.051800578878097206
Florida,y2020,0.05152248729810209
Florida,y2021,0.052404575561802905
Georgia,y1997,0.15817297543341163
Georgia,y1998,0.15757467951423643
Georgia,y1999,0.15865221193556162
Georgia,y2000,0.14918611652900135
Georgia,y2001,0.1422336526755608
Georgia,y2002,0.1364636067797315
Georgia,y2003,0.12575537938712614
Georgia,y2004,0.12564709881518277
Georgia,y2005,0.11883522442115359
Georgia,y2006,0.11324589498531584
Georgia,y2007,0.11219087987954424
Georgia,y2008,0.10771905116893897
Georgia,y2009,0.10979152852066013
Georgia,y2010,0.1089247731296968
Georgia,y2011,0.11023020989732747
Georgia,y2012,0.1082997386797128
Georgia,y2013,0.10786185688391764
Georgia,y2014,0.10744648876212483
Georgia,y2015,0.10674208198642554
Georgia,y2016,0.10743741127469128
Georgia,y2017,0.10515413879141594
Georgia,y2018,0.09912390026830357
Georgia,y2019,0.09448859020879158
Georgia,y2020,0.08996691121083895
Georgia,y2021,0.09346524765546602
Hawaii,y1997,0.02012602300874629
Hawaii,y1998,0.019246256933941826
Hawaii,y1999,0.020576754397213688
Hawaii,y2000,0.020118354713749
Hawaii,y2001,0.021782113118580547
Hawaii,y2002,0.021942379973210406
Hawaii,y2003,0.022509607379463982
Hawaii,y2004,0.020233604248044542
Hawaii,y2005,0.019902596157533457
Hawaii,y2006,0.01948016730625426
Hawaii,y2007,0.018769208710234464
Hawaii,y2008,0.020897344933326432
Hawaii,y2009,0.020548507584078626
Hawaii,y2010,0.018877602137786758
Hawaii,y2011,0.019658704850189408
Hawaii,y2012,0.019923427063095488
Hawaii,y2013,0.02073639693702225
Hawaii,y2014,0.021765379370171662
Hawaii,y2015,0.02052559205124196
Hawaii,y2016,0.019051557301249848
Hawaii,y2017,0.019180341784261586
Hawaii,y2018,0.019909965395164188
Hawaii,y2019,0.017177828550758268
Hawaii,y2020,0.015934202493587468
Hawaii,y2021,0.01631922930865629
Idaho,y1997,0.14284551935966153
Idaho,y1998,0.13271173671433814
Idaho,y1999,0.16292687770700265
Idaho,y2000,0.20052726800076676
Idaho,y2001,0.14656565926004964
Idaho,y2002,0.13618216232429695
Idaho,y2003,0.13777765703644795
Idaho,y2004,0.1364513094461953
Idaho,y2005,0.1413302688167622
Idaho,y2006,0.11318355898587407
Idaho,y2007,0.10272645523737126
Idaho,y2008,0.11388983786707661
Idaho,y2009,0.11816528898104288
Idaho,y2010,0.12033978801027567
Idaho,y2011,0.11806059243674605
Idaho,y2012,0.12007427486845015
Idaho,y2013,0.11303160952069835
Idaho,y2014,0.11222110036050992
Idaho,y2015,0.10736283363100703
Idaho,y2016,0.10646973883383162
Idaho,y2017,0.10675506776549624
Idaho,y2018,0.11075065263201363
Idaho,y2019,0.10783291939708882
Idaho,y2020,0.10885380379281712
Idaho,y2021,0.10956478591300807
Illinois,y1997,0.17027045628910023
Illinois,y1998,0.16657622619753068
Illinois,y1999,0.1593457404898344
Illinois,y2000,0.15742957192659113
Illinois,y2001,0.14788094094978635
Illinois,y2002,0.13710134767189822
Illinois,y2003,0.13802437983387195
Illinois,y2004,0.13835024565730736
Illinois,y2005,0.13592505270325211
Illinois,y2006,0.13249730193166795
Illinois,y2007,0.13103811271697463
Illinois,y2008,0.12335778632338285
Illinois,y2009,0.1274944692163437
Illinois,y2010,0.12917824121314853
Illinois,y2011,0.1363869514063602
Illinois,y2012,0.1427799125852441
Illinois,y2013,0.13154266877968054
Illinois,y2014,0.13113009672186426
Illinois,y2015,0.12659199767979842
Illinois,y2016,0.12252962418864319
Illinois,y2017,0.12310198637318591
Illinois,y2018,0.12778796948366955
Illinois,y2019,0.12470716836568252
Illinois,y2020,0.12329809082805965
Illinois,y2021,0.12831293914310832
Indiana,y1997,0.29635355822472204
Indiana,y1998,0.30914982550425857
Indiana,y1999,0.3048145120330442
Indiana,y2000,0.3006745302159802
Indiana,y2001,0.281084572073223
Indiana,y2002,0.2913537914787693
Indiana,y2003,0.29123054328217324
Indiana,y2004,0.2924232388268133
Indiana,y2005,0.27802015146844605
Indiana,y2006,0.2660464370954396
Indiana,y2007,0.2914268060158788
Indiana,y2008,0.28846837123061114
Indiana,y2009,0.2616509219722413
Indiana,y2010,0.28923083130015265
Indiana,y2011,0.2860441226389288
Indiana,y2012,0.27555464156566467
Indiana,y2013,0.2825527770524943
Indiana,y2014,0.28474351769721945
Indiana,y2015,0.27208154827732367
Indiana,y2016,0.2685768340564351
Indiana,y2017,0.267231261023989
Indiana,y2018,0.26930614395435404
Indiana,y2019,0.2604974065686264
Indiana,y2020,0.25296060843503976
Indiana,y2021,0.26558669760041415
Iowa,y1997,0.22625615930290474
Iowa,y1998,0.22075988847407968
Iowa,y1999,0.22671515018955965
Iowa,y2000,0.21844982386802989
Iowa,y2001,0.21472767187766903
Iowa,y2002,0.21282608033929604
Iowa,y2003,0.20771513070841574
Iowa,y2004,0.20494502446912455
Iowa,y2005,0.1970608218626538
Iowa,y2006,0.20465408303445837
Iowa,y2007,0.1900424997571235
Iowa,y2008,0.19435181045231317
Iowa,y2009,0.18509057333159964
Iowa,y2010,0.1887693440171436
Iowa,y2011,0.17573290516549298
Iowa,y2012,0.18650812673774936
Iowa,y2013,0.1820884424997981
Iowa,y2014,0.1921466655189407
Iowa,y2015,0.19048326865384393
Iowa,y2016,0.16880925731749494
Iowa,y2017,0.17666758558167867
Iowa,y2018,0.1794723930440208
Iowa,y2019,0.17484842215985172
Iowa,y2020,0.17282912848050833
Iowa,y2021,0.17142653099935087
Kansas,y1997,0.1682683228349515
Kansas,y1998,0.17244648005919727
Kansas,y1999,0.1706576880897076
Kansas,y2000,0.17378366763841624
Kansas,y2001,0.17175271928679756
Kansas,y2002,0.16425322271745563
Kansas,y2003,0.15601526427775197
Kansas,y2004,0.14771958862771617
Kansas,y2005,0.15100406249437343
Kansas,y2006,0.16548414041662907
Kansas,y2007,0.1714346372701683
Kansas,y2008,0.15402595403108607
Kansas,y2009,0.14082373279701696
Kansas,y2010,0.1546146590010366
Kansas,y2011,0.16473878859392382
Kansas,y2012,0.16292196629205558
Kansas,y2013,0.13487658080662665
Kansas,y2014,0.14573362204661494
Kansas,y2015,0.15253791022353125
Kansas,y2016,0.15068463269160054
Kansas,y2017,0.1521373875007352
Kansas,y2018,0.15975511743627685
Kansas,y2019,0.1568735731037663
Kansas,y2020,0.14947659553573162
Kansas,y2021,0.1503960404277403
Kentucky,y1997,0.2670063569981501
Kentucky,y1998,0.26278383248478043
Kentucky,y1999,0.26154666796401255
Kentucky,y2000,0.21474530784134424
Kentucky,y2001,0.2046419868097943
Kentucky,y2002,0.20428503871024126
Kentucky,y2003,0.20093809920442063
Kentucky,y2004,0.19577095137361444
Kentucky,y2005,0.1894061902847437
Kentucky,y2006,0.1971221914836476
Kentucky,y2007,0.18288956037558288
Kentucky,y2008,0.1723057620596959
Kentucky,y2009,0.1555043884993504
Kentucky,y2010,0.16982765925098867
Kentucky,y2011,0.1674830654321513
Kentucky,y2012,0.18421925670119121
Kentucky,y2013,0.18783477957386666
Kentucky,y2014,0.18524628186045822
Kentucky,y2015,0.1825031499934596
Kentucky,y2016,0.17744264317512443
Kentucky,y2017,0.1826608121852596
Kentucky,y2018,0.17915220290198863
Kentucky,y2019,0.1789274947189168
Kentucky,y2020,0.17289107535725107
Kentucky,y2021,0.17394930963222746
Louisiana,y1997,0.16773332691388423
Louisiana,y1998,0.16408745229749888
Louisiana,y1999,0.17228650483715968
Louisiana,y2000,0.1467783668373532
Louisiana,y2001,0.1324825309714491
Louisiana,y2002,0.15100904214493613
Louisiana,y2003,0.19304298598770797
Louisiana,y2004,0.22028921775305094
Louisiana,y2005,0.28766094490484967
Louisiana,y2006,0.25536906000660337
Louisiana,y2007,0.22857698691397305
Louisiana,y2008,0.20234339835135343
Louisiana,y2009,0.1830299516512133
Louisiana,y2010,0.21912405590724557
Louisiana,y2011,0.21822479288525515
Louisiana,y2012,0.22242482200414895
Louisiana,y2013,0.19248849273824092
Louisiana,y2014,0.20535164264116945
Louisiana,y2015,0.1932981304774077
Louisiana,y2016,0.16854763317035878
Louisiana,y2017,0.19174056553423563
Louisiana,y2018,0.20609607979037592
Louisiana,y2019,0.1876544810301616
Louisiana,y2020,0.16953678557442448
Louisiana,y2021,0.1684147609188325
Maine,y1997,0.14701290727144462
Maine,y1998,0.13604530386053076
Maine,y1999,0.14032987342066416
Maine,y2000,0.143048443628813
Maine,y2001,0.12073864740180855
Maine,y2002,0.1111767351518057
Maine,y2003,0.10618170302869892
Maine,y2004,0.10893607608936076
Maine,y2005,0.10757139670975074
Maine,y2006,0.10630150839834113
Maine,y2007,0.10693568876302285
Maine,y2008,0.10672763698603126
Maine,y2009,0.10699713245103064
Maine,y2010,0.1068141196642695
Maine,y2011,0.1022871869977461
Maine,y2012,0.10146852534570798
Maine,y2013,0.09928199140445859
Maine,y2014,0.09811773631999544
Maine,y2015,0.09363630264590676
Maine,y2016,0.09537394779468387
Maine,y2017,0.09902760487014704
Maine,y2018,0.09754641413671003
Maine,y2019,0.09768906795767603
Maine,y2020,0.0948322405365531
Maine,y2021,0.10022982702492335
Maryland,y1997,0.08656722224278904
Maryland,y1998,0.08198804462352212
Maryland,y1999,0.07854529195347207
Maryland,y2000,0.07162430854061058
Maryland,y2001,0.07212072958185464
Maryland,y2002,0.07084973129003279
Maryland,y2003,0.0631758570191296
Maryland,y2004,0.062247551754312604
Maryland,y2005,0.05700610454025181
Maryland,y2006,0.05808306762873557
Maryland,y2007,0.05964470592891858
Maryland,y2008,0.05923861933742766
Maryland,y2009,0.06309571929641557
Maryland,y2010,0.0625876351125717
Maryland,y2011,0.06020788203549576
Maryland,y2012,0.05474710809912683
Maryland,y2013,0.05709418352821795
Maryland,y2014,0.05520985436894581
Maryland,y2015,0.0542460797542843
Maryland,y2016,0.05553738728724428
Maryland,y2017,0.05566724774354031
Maryland,y2018,0.05697643248671004
Maryland,y2019,0.05871736761149832
Maryland,y2020,0.06106292888264117
Maryland,y2021,0.0631243654943958
Massachusetts,y1997,0.14968470173315004
Massachusetts,y1998,0.1471253394518229
Massachusetts,y1999,0.1392033989761355
Massachusetts,y2000,0.14143827196830927
Massachusetts,y2001,0.12424954196922748
Massachusetts,y2002,0.12251868893214998
Massachusetts,y2003,0.12915447416775552
Massachusetts,y2004,0.11630298487683217
Massachusetts,y2005,0.11244726503333984
Massachusetts,y2006,0.1144270325938709
Massachusetts,y2007,0.1190782710832822
Massachusetts,y2008,0.10788057886515734
Massachusetts,y2009,0.10585298823471569
Massachusetts,y2010,0.10955982702564918
Massachusetts,y2011,0.10660199331175987
Massachusetts,y2012,0.10538636028564274
Massachusetts,y2013,0.10258359064027829
Massachusetts,y2014,0.10377825507977687
Massachusetts,y2015,0.10275607179935184
Massachusetts,y2016,0.09798720497686139
Massachusetts,y2017,0.09412058848777966
Massachusetts,y2018,0.09518687528510462
Massachusetts,y2019,0.09276776815162813
Massachusetts,y2020,0.09376785478837954
Massachusetts,y2021,0.0971901181167493
Michigan,y1997,0.24894560928190698
Michigan,y1998,0.24816838248721332
Michigan,y1999,0.26136227936073286
Michigan,y2000,0.24959278993981013
Michigan,y2001,0.2293219673390575
Michigan,y2002,0.23103314957234874
Michigan,y2003,0.22839762869807698
Michigan,y2004,0.2087862930736933
Michigan,y2005,0.2009983788398249
Michigan,y2006,0.1920459154600131
Michigan,y2007,0.19604243395145787
Michigan,y2008,0.1733242252143776
Michigan,y2009,0.14746817351704672
Michigan,y2010,0.1723166420112654
Michigan,y2011,0.17940070897705548
Michigan,y2012,0.18529815619535014
Michigan,y2013,0.19318990546896866
Michigan,y2014,0.19087586426109385
Michigan,y2015,0.192482767288871
Michigan,y2016,0.19140524288954525
Michigan,y2017,0.18934408978466635
Michigan,y2018,0.18570222191671087
Michigan,y2019,0.18045531849074187
Michigan,y2020,0.17501769976271545
Michigan,y2021,0.17978101141915775
Minnesota,y1997,0.1674478130672319
Minnesota,y1998,0.16136743820429372
Minnesota,y1999,0.15915288693116098
Minnesota,y2000,0.1623935461974258
Minnesota,y2001,0.1468194102122332
Minnesota,y2002,0.14514676963465412
Minnesota,y2003,0.1504201244380494
Minnesota,y2004,0.15032574888516353
Minnesota,y2005,0.1493602792397929
Minnesota,y2006,0.14749308252730228
Minnesota,y2007,0.13681666743620144
Minnesota,y2008,0.13906258530569449
Minnesota,y2009,0.1389837570381653
Minnesota,y2010,0.13900637892173506
Minnesota,y2011,0.14296718254259957
Minnesota,y2012,0.142497376212716
Minnesota,y2013,0.14206348288026988
Minnesota,y2014,0.14602554446262586
Minnesota,y2015,0.14405409706786454
Minnesota,y2016,0.13882371952864148
Minnesota,y2017,0.13519604200017932
Minnesota,y2018,0.13701908979043675
Minnesota,y2019,0.13210879501753867
Minnesota,y2020,0.13128081526347377
Minnesota,y2021,0.13625022087335753
Mississippi,y1997,0.2017558741926252
Mississippi,y1998,0.1911244428983072
Mississippi,y1999,0.18889306344808152
Mississippi,y2000,0.17348046612692258
Mississippi,y2001,0.16403370351624139
Mississippi,y2002,0.15600802195787175
Mississippi,y2003,0.16787832654380164
Mississippi,y2004,0.1572706992486987
Mississippi,y2005,0.16057902812058436
Mississippi,y2006,0.17109397872548063
Mississippi,y2007,0.16939426305550742
Mississippi,y2008,0.16140592184268024
Mississippi,y2009,0.14625752514919568
Mississippi,y2010,0.1494436525939638
Mississippi,y2011,0.1519933900101852
Mississippi,y2012,0.1639976346064248
Mississippi,y2013,0.1482578073868576
Mississippi,y2014,0.15406667094917273
Mississippi,y2015,0.15478602572261047
Mississippi,y2016,0.15217995104919874
Mississippi,y2017,0.15656883028305105
Mississippi,y2018,0.15425668198009373
Mississippi,y2019,0.15243023415941948
Mississippi,y2020,0.1440282768694821
Mississippi,y2021,0.14671329230277355
Missouri,y1997,0.17631741510372875
Missouri,y1998,0.17209178007993703
Missouri,y1999,0.16667566868086733
Missouri,y2000,0.16309081167961426
Missouri,y2001,0.15522369741278977
Missouri,y2002,0.15063346050293153
Missouri,y2003,0.15125310997453653
Missouri,y2004,0.1464864785184735
Missouri,y2005,0.14093791630788613
Missouri,y2006,0.135007149323564
Missouri,y2007,0.13069549419169793
Missouri,y2008,0.12569387094767953
Missouri,y2009,0.11964146208496286
Missouri,y2010,0.12309360351417792
Missouri,y2011,0.1189191623061422
Missouri,y2012,0.1287328967783539
Missouri,y2013,0.12675009177712593
Missouri,y2014,0.1270227733189569
Missouri,y2015,0.13196542072473144
Missouri,y2016,0.1227451651548862
Missouri,y2017,0.12020972907349362
Missouri,y2018,0.11493644681379324
Missouri,y2019,0.11704595830716256
Missouri,y2020,0.11762434146448097
Missouri,y2021,0.12049773303107081
Montana,y1997,0.07313482353916974
Montana,y1998,0.07613649157329497
Montana,y1999,0.0649811168449275
Montana,y2000,0.06222145021872586
Montana,y2001,0.06096482781561303
Montana,y2002,0.053044636853074714
Montana,y2003,0.06213518232619998
Montana,y2004,0.0641536904529394
Montana,y2005,0.06395947635364914
Montana,y2006,0.0651176954782142
Montana,y2007,0.07552189704469935
Montana,y2008,0.05795314426633786
Montana,y2009,0.043774421213779224
Montana,y2010,0.0502528947910716
Montana,y2011,0.06260748235764763
Montana,y2012,0.0618267443535683
Montana,y2013,0.06017684530499291
Montana,y2014,0.06701167845727492
Montana,y2015,0.0720773494177551
Montana,y2016,0.05279077793580694
Montana,y2017,0.07578112903725266
Montana,y2018,0.08228658764178705
Montana,y2019,0.06165559295066741
Montana,y2020,0.05383157829341782
Montana,y2021,0.055193009436316665
Nebraska,y1997,0.1386192471978675
Nebraska,y1998,0.13266926658703526
Nebraska,y1999,0.13517319484699694
Nebraska,y2000,0.13764627836009022
Nebraska,y2001,0.13022587875290234
Nebraska,y2002,0.12039441655689846
Nebraska,y2003,0.11448583704431034
Nebraska,y2004,0.10797341249794237
Nebraska,y2005,0.11082485633243702
Nebraska,y2006,0.1199180854114381
Nebraska,y2007,0.10925057374741753
Nebraska,y2008,0.11651329004531227
Nebraska,y2009,0.11822093601502928
Nebraska,y2010,0.11957973602442074
Nebraska,y2011,0.12115559176190013
Nebraska,y2012,0.12438245856205689
Nebraska,y2013,0.12337696845163233
Nebraska,y2014,0.11560852161624499
Nebraska,y2015,0.10779335808559613
Nebraska,y2016,0.10454785142776855
Nebraska,y2017,0.10008831756273047
Nebraska,y2018,0.10690680232929177
Nebraska,y2019,0.11098693286152365
Nebraska,y2020,0.11441857328067506
Nebraska,y2021,0.11805553246708339
Nevada,y1997,0.04056316805262608
Nevada,y1998,0.04008495842688692
Nevada,y1999,0.03647974255509045
Nevada,y2000,0.036261715328419646
Nevada,y2001,0.035688531031018586
Nevada,y2002,0.03713502265062282
Nevada,y2003,0.03771007661617767
Nevada,y2004,0.043706832250002416
Nevada,y2005,0.043369758156847696
Nevada,y2006,0.04214200748043478
Nevada,y2007,0.04699025762625844
Nevada,y2008,0.04734341682649425
Nevada,y2009,0.04513412665984863
Nevada,y2010,0.0415603187309797
Nevada,y2011,0.04164307213699473
Nevada,y2012,0.04673392987087909
Nevada,y2013,0.04709190348135766
Nevada,y2014,0.04543165253399231
Nevada,y2015,0.041072687417436686
Nevada,y2016,0.040733559711381165
Nevada,y2017,0.04280063438753615
Nevada,y2018,0.04625222112450096
Nevada,y2019,0.046142003584176146
Nevada,y2020,0.05132505536907452
Nevada,y2021,0.05304621903175622
New Hampshire,y1997,0.22411834604492417
New Hampshire,y1998,0.2108127435024905
New Hampshire,y1999,0.1726079246434292
New Hampshire,y2000,0.16930439768867717
New Hampshire,y2001,0.13930474715651198
New Hampshire,y2002,0.13333700231757503
New Hampshire,y2003,0.13373007266023207
New Hampshire,y2004,0.12587084063206735
New Hampshire,y2005,0.11343819246180158
New Hampshire,y2006,0.11694519886032291
New Hampshire,y2007,0.1152761074809694
New Hampshire,y2008,0.10737890638928238
New Hampshire,y2009,0.10499033154252282
New Hampshire,y2010,0.10856584150170565
New Hampshire,y2011,0.11097724675450318
New Hampshire,y2012,0.10631243786323999
New Hampshire,y2013,0.11331343063332018
New Hampshire,y2014,0.10146420586559116
New Hampshire,y2015,0.11135097675148409
New Hampshire,y2016,0.11245655271645882
New Hampshire,y2017,0.10556133384738782
New Hampshire,y2018,0.11052430704641954
New Hampshire,y2019,0.10693699747221955
New Hampshire,y2020,0.10462902728797892
New Hampshire,y2021,0.09995236243635601
New Jersey,y1997,0.14629791522303343
New Jersey,y1998,0.13799856375247646
New Jersey,y1999,0.14028540320634494
New Jersey,y2000,0.13811372350662898
New Jersey,y2001,0.1296595111560672
New Jersey,y2002,0.11652632192317404
New Jersey,y2003,0.11903496567325386
New Jersey,y2004,0.11028625864954106
New Jersey,y2005,0.10305328883245317
New Jersey,y2006,0.10456669910451011
New Jersey,y2007,0.10426541781409103
New Jersey,y2008,0.10792354792320936
New Jersey,y2009,0.09506737257826521
New Jersey,y2010,0.09592067089534428
New Jersey,y2011,0.08985740549045922
New Jersey,y2012,0.08415959987308484
New Jersey,y2013,0.08174300766523805
New Jersey,y2014,0.08504266796943792
New Jersey,y2015,0.08129465951794795
New Jersey,y2016,0.08632478483964406
New Jersey,y2017,0.08313235259508171
New Jersey,y2018,0.09063653050070848
New Jersey,y2019,0.09047384987442855
New Jersey,y2020,0.09049349048699172
New Jersey,y2021,0.09466508473426304
New Mexico,y1997,0.2079595088002805
New Mexico,y1998,0.1560955966102565
New Mexico,y1999,0.16592508483080048
New Mexico,y2000,0.1373033300063515
New Mexico,y2001,0.09285405729014497
New Mexico,y2002,0.0781773551548826
New Mexico,y2003,0.09887456086166085
New Mexico,y2004,0.1230477181566857
New Mexico,y2005,0.09854366173553743
New Mexico,y2006,0.08146975147660623
New Mexico,y2007,0.06167465761053864
New Mexico,y2008,0.041570037927272215
New Mexico,y2009,0.06236122311624212
New Mexico,y2010,0.05235458536960106
New Mexico,y2011,0.0434410563409401
New Mexico,y2012,0.04287962950325959
New Mexico,y2013,0.03718696799910768
New Mexico,y2014,0.039893389104817774
New Mexico,y2015,0.04566969779881982
New Mexico,y2016,0.042331796803810655
New Mexico,y2017,0.04117273004004935
New Mexico,y2018,0.040995505257573825
New Mexico,y2019,0.044785062492951465
New Mexico,y2020,0.04298984179275145
New Mexico,y2021,0.04258684635722679
New York,y1997,0.08130124845874658
New York,y1998,0.08304104721862733
New York,y1999,0.07902154093784189
New York,y2000,0.07719513022935721
New York,y2001,0.07000301134005771
New York,y2002,0.07126708535423604
New York,y2003,0.0676208411719077
New York,y2004,0.0655545421562011
New York,y2005,0.06401328691116223
New York,y2006,0.06438980961435685
New York,y2007,0.061178427551286135
New York,y2008,0.059636249978729905
New York,y2009,0.059756673950351585
New York,y2010,0.05686343371967187
New York,y2011,0.05168363276284865
New York,y2012,0.04826131851063838
New York,y2013,0.04760850922975638
New York,y2014,0.04701684569676096
New York,y2015,0.04826214571442477
New York,y2016,0.04544913375998426
New York,y2017,0.043904452101043
New York,y2018,0.04098001490184505
New York,y2019,0.040627549920073204
New York,y2020,0.040450982400962544
New York,y2021,0.042193110307159526
North Carolina,y1997,0.2698370358591215
North Carolina,y1998,0.25636800782857494
North Carolina,y1999,0.26254212424121726
North Carolina,y2000,0.2538533893747853
North Carolina,y2001,0.24505440527372735
North Carolina,y2002,0.23222875952168634
North Carolina,y2003,0.22386206465501826
North Carolina,y2004,0.20828037197892924
North Carolina,y2005,0.2029213741705692
North Carolina,y2006,0.2198173021095413
North Carolina,y2007,0.2149428542465097
North Carolina,y2008,0.19965548645226977
North Carolina,y2009,0.21220204117271363
North Carolina,y2010,0.20538959820735592
North Carolina,y2011,0.20308429461781835
North Carolina,y2012,0.18974475803271795
North Carolina,y2013,0.19929396072286062
North Carolina,y2014,0.1885663090374351
North Carolina,y2015,0.19219136197270856
North Carolina,y2016,0.1839483238402083
North Carolina,y2017,0.17478904638523507
North Carolina,y2018,0.1700091423987823
North Carolina,y2019,0.1645448022463995
North Carolina,y2020,0.1636087747465791
North Carolina,y2021,0.17096403784082614
North Dakota,y1997,0.07791482665854525
North Dakota,y1998,0.07924312881319649
North Dakota,y1999,0.08141347145401706
North Dakota,y2000,0.07311009331440158
North Dakota,y2001,0.0880878390182698
North Dakota,y2002,0.08709710963767721
North Dakota,y2003,0.09088848697481086
North Dakota,y2004,0.08985339008555829
North Dakota,y2005,0.09778947368421052
North Dakota,y2006,0.09780873712769851
North Dakota,y2007,0.09123176293361397
North Dakota,y2008,0.09201428105313354
North Dakota,y2009,0.07983926022466332
North Dakota,y2010,0.07105297088815514
North Dakota,y2011,0.0654448310437942
North Dakota,y2012,0.06269413457939597
North Dakota,y2013,0.0627885979620792
North Dakota,y2014,0.06103830872254753
North Dakota,y2015,0.06814841535870736
North Dakota,y2016,0.06575404122394651
North Dakota,y2017,0.06353480118780329
North Dakota,y2018,0.060704724449423444
North Dakota,y2019,0.06645933784711336
North Dakota,y2020,0.07113402437734942
North Dakota,y2021,0.07309092744861706
Ohio,y1997,0.24507796778560306
Ohio,y1998,0.24532039074422746
Ohio,y1999,0.2337079230696489
Ohio,y2000,0.22578396093374783
Ohio,y2001,0.206651307676514
Ohio,y2002,0.20382571292677376
Ohio,y2003,0.1985755823419782
Ohio,y2004,0.19962337411168754
Ohio,y2005,0.19457034419042696
Ohio,y2006,0.19229950981702087
Ohio,y2007,0.18623477307907502
Ohio,y2008,0.17424556175508543
Ohio,y2009,0.15622880515118673
Ohio,y2010,0.1630110008625111
Ohio,y2011,0.17321648899382588
Ohio,y2012,0.1686845075155738
Ohio,y2013,0.16688471833208482
Ohio,y2014,0.1765211220384631
Ohio,y2015,0.17027148888046945
Ohio,y2016,0.1649827128190836
Ohio,y2017,0.16548094276581163
Ohio,y2018,0.16368481585261432
Ohio,y2019,0.1601917370660934
Ohio,y2020,0.15541518611160143
Ohio,y2021,0.16015674116552137
Oklahoma,y1997,0.15701681586551355
Oklahoma,y1998,0.14783569323459395
Oklahoma,y1999,0.1466270262953865
Oklahoma,y2000,0.13999290841648016
Oklahoma,y2001,0.12797394590540245
Oklahoma,y2002,0.11622128042847149
Oklahoma,y2003,0.11934710325549718
Oklahoma,y2004,0.11099655934903375
Oklahoma,y2005,0.11060459731887023
Oklahoma,y2006,0.1177329166560557
Oklahoma,y2007,0.1091771576533031
Oklahoma,y2008,0.11566603654929565
Oklahoma,y2009,0.10483042698437596
Oklahoma,y2010,0.09188501458965542
Oklahoma,y2011,0.09636853192874219
Oklahoma,y2012,0.10187940601940593
Oklahoma,y2013,0.09328896787919956
Oklahoma,y2014,0.09193334133476003
Oklahoma,y2015,0.09742976496609491
Oklahoma,y2016,0.08761981059828608
Oklahoma,y2017,0.09106985989211983
Oklahoma,y2018,0.09701254429125593
Oklahoma,y2019,0.09802763577953232
Oklahoma,y2020,0.09416579902008225
Oklahoma,y2021,0.09147450671219659
Oregon,y1997,0.19272098839813387
Oregon,y1998,0.19022357313774646
Oregon,y1999,0.17155308186561236
Oregon,y2000,0.18702978798954545
Oregon,y2001,0.1651188916893803
Oregon,y2002,0.17117237321355316
Oregon,y2003,0.17645879301974002
Oregon,y2004,0.18805530244723798
Oregon,y2005,0.17678202857266295
Oregon,y2006,0.17359829315249187
Oregon,y2007,0.16388111178229559
Oregon,y2008,0.16150332210805612
Oregon,y2009,0.15472349948905847
Oregon,y2010,0.15778141700967238
Oregon,y2011,0.16364562338943298
Oregon,y2012,0.15339067985407565
Oregon,y2013,0.15339025676817558
Oregon,y2014,0.14977458620981104
Oregon,y2015,0.14891537708636915
Oregon,y2016,0.14370067281604537
Oregon,y2017,0.1414355264588269
Oregon,y2018,0.14367475724059967
Oregon,y2019,0.13768943563496183
Oregon,y2020,0.13725670367319615
Oregon,y2021,0.13757388746890256
Pennsylvania,y1997,0.1939927952760317
Pennsylvania,y1998,0.19152023352602082
Pennsylvania,y1999,0.18482884337536784
Pennsylvania,y2000,0.18360083673888863
Pennsylvania,y2001,0.17392063751467426
Pennsylvania,y2002,0.1693222036697593
Pennsylvania,y2003,0.16014036090943023
Pennsylvania,y2004,0.14751344175662895
Pennsylvania,y2005,0.14221874991450592
Pennsylvania,y2006,0.14435053393342534
Pennsylvania,y2007,0.13744950354504643
Pennsylvania,y2008,0.1324495607836815
Pennsylvania,y2009,0.12646801964047433
Pennsylvania,y2010,0.12218406420776773
Pennsylvania,y2011,0.11909595680161814
Pennsylvania,y2012,0.11680378882832125
Pennsylvania,y2013,0.12030364550201318
Pennsylvania,y2014,0.12519675352009801
Pennsylvania,y2015,0.12208827491459359
Pennsylvania,y2016,0.11752006264022377
Pennsylvania,y2017,0.12082984513120808
Pennsylvania,y2018,0.11916029196566347
Pennsylvania,y2019,0.12080788689363403
Pennsylvania,y2020,0.12214426286170747
Pennsylvania,y2021,0.12666008685588487
Rhode Island,y1997,0.1443544149774619
Rhode Island,y1998,0.13860181384557976
Rhode Island,y1999,0.1356361878316061
Rhode Island,y2000,0.1285004700175241
Rhode Island,y2001,0.12251971402121416
Rhode Island,y2002,0.12293833246934609
Rhode Island,y2003,0.10568646248549371
Rhode Island,y2004,0.10872464527581266
Rhode Island,y2005,0.09467910335082853
Rhode Island,y2006,0.10178712153951751
Rhode Island,y2007,0.08925915911856158
Rhode Island,y2008,0.08956057321135846
Rhode Island,y2009,0.08107382888000973
Rhode Island,y2010,0.08172910732731871
Rhode Island,y2011,0.08004206660146874
Rhode Island,y2012,0.07801601302754783
Rhode Island,y2013,0.08347270906831641
Rhode Island,y2014,0.07904002404705304
Rhode Island,y2015,0.085967923845733707
Rhode Island,y2016,0.08533916849015317
Rhode Island,y2017,0.08262053682379256
Rhode Island,y2018,0.08276987603375671
Rhode Island,y2019,0.07555231567325679
Rhode Island,y2020,0.0737165249528125
Rhode Island,y2021,0.07594420314471513
South Carolina,y1997,0.22620477290223248
South Carolina,y1998,0.22417967779632558
South Carolina,y1999,0.21811710087924985
South Carolina,y2000,0.20976391035079592
South Carolina,y2001,0.20831600100771605
South Carolina,y2002,0.20913010085380962
South Carolina,y2003,0.20550748100770333
South Carolina,y2004,0.17669401819217123
South Carolina,y2005,0.1688273192685738
South Carolina,y2006,0.16544796960839633
South Carolina,y2007,0.16276990628972826
South Carolina,y2008,0.15648175380233356
South Carolina,y2009,0.15452171790363597
South Carolina,y2010,0.15947907874110695
South Carolina,y2011,0.16409753648261716
South Carolina,y2012,0.16344055025923596
South Carolina,y2013,0.16000780502148274
South Carolina,y2014,0.1596906037322867
South Carolina,y2015,0.16679015842737735
South Carolina,y2016,0.16420959073113545
South Carolina,y2017,0.15488585482115932
South Carolina,y2018,0.15184325614457944
South Carolina,y2019,0.1529679889382222
South Carolina,y2020,0.1459104539048855
South Carolina,y2021,0.15051410883482239
South Dakota,y1997,0.12386897443172862
South Dakota,y1998,0.12712019418531648
South Dakota,y1999,0.1245332966454288
South Dakota,y2000,0.13903874987358913
South Dakota,y2001,0.11753324135810116
South Dakota,y2002,0.14030415506361574
South Dakota,y2003,0.09409871362906515
South Dakota,y2004,0.09807558939985583
South Dakota,y2005,0.09844374044274681
South Dakota,y2006,0.10019620262942422
South Dakota,y2007,0.09941550480426539
South Dakota,y2008,0.09344042838018742
South Dakota,y2009,0.08699005569142176
South Dakota,y2010,0.08768773528829008
South Dakota,y2011,0.0901387135044555
South Dakota,y2012,0.08756192840791317
South Dakota,y2013,0.08797204647163863
South Dakota,y2014,0.08932701227305953
South Dakota,y2015,0.09118955194694427
South Dakota,y2016,0.09464226858238016
South Dakota,y2017,0.09255378791794733
South Dakota,y2018,0.08723520779783338
South Dakota,y2019,0.08226748659155839
South Dakota,y2020,0.0826583244204171
South Dakota,y2021,0.08458880329382164
Tennessee,y1997,0.20781360015183106
Tennessee,y1998,0.19806493160472322
Tennessee,y1999,0.19760054775901553
Tennessee,y2000,0.18692742604550303
Tennessee,y2001,0.18285594447153072
Tennessee,y2002,0.17901833991182256
Tennessee,y2003,0.17885996146766092
Tennessee,y2004,0.18671404777960304
Tennessee,y2005,0.17634625388814656
Tennessee,y2006,0.17284598858955785
Tennessee,y2007,0.16161209590642897
Tennessee,y2008,0.1584746029373589
Tennessee,y2009,0.152213267557765
Tennessee,y2010,0.14712696294457203
Tennessee,y2011,0.14675506329911472
Tennessee,y2012,0.15232790217275527
Tennessee,y2013,0.15667639077180054
Tennessee,y2014,0.15436459732075228
Tennessee,y2015,0.15607419749518897
Tennessee,y2016,0.15647005073214867
Tennessee,y2017,0.16198397142446339
Tennessee,y2018,0.15203351582745658
Tennessee,y2019,0.14816225874961697
Tennessee,y2020,0.14972496734756718
Tennessee,y2021,0.152492432359808
Texas,y1997,0.16901084359721663
Texas,y1998,0.16579729814772734
Texas,y1999,0.14795424950906075
Texas,y2000,0.14268875300029646
Texas,y2001,0.13707985318903948
Texas,y2002,0.1330940206954112
Texas,y2003,0.1310004304353685
Texas,y2004,0.15456956110300749
Texas,y2005,0.14686033412227895
Texas,y2006,0.15185049351086333
Texas,y2007,0.1526537262284535
Texas,y2008,0.1311845769037549
Texas,y2009,0.13218149983109723
Texas,y2010,0.14195518730385598
Texas,y2011,0.1524693618533902
Texas,y2012,0.14587848507025955
Texas,y2013,0.1482922732880164
Texas,y2014,0.12808191226553292
Texas,y2015,0.13457388962073302
Texas,y2016,0.1251722830481207
Texas,y2017,0.12909265570929152
Texas,y2018,0.13491298920090022
Texas,y2019,0.12700293322720768
Texas,y2020,0.1191226927781324
Texas,y2021,0.11685711889553238
Utah,y1997,0.14142223146799807
Utah,y1998,0.13633277203548858
Utah,y1999,0.12663569592528245
Utah,y2000,0.1305538445343185
Utah,y2001,0.11237297693874422
Utah,y2002,0.11120111772381194
Utah,y2003,0.11720885574080316
Utah,y2004,0.1152855594497798
Utah,y2005,0.11426027553848718
Utah,y2006,0.11828627156873696
Utah,y2007,0.1202559979932656
Utah,y2008,0.11767391569642657
Utah,y2009,0.13976614548880822
Utah,y2010,0.14814131312263104
Utah,y2011,0.14663879265718952
Utah,y2012,0.12445439629379403
Utah,y2013,0.1213241156910574
Utah,y2014,0.11468651798345551
Utah,y2015,0.11584918613990697
Utah,y2016,0.1057358264381384
Utah,y2017,0.11026345603671106
Utah,y2018,0.11525725511323692
Utah,y2019,0.11356902819439803
Utah,y2020,0.11029808885215217
Utah,y2021,0.11587985949115466
Vermont,y1997,0.1642607103340731
Vermont,y1998,0.1555467112750067
Vermont,y1999,0.15537727995156284
Vermont,y2000,0.15771682178277202
Vermont,y2001,0.15427568932681957
Vermont,y2002,0.14333843042470282
Vermont,y2003,0.136024646365976
Vermont,y2004,0.12860206990958314
Vermont,y2005,0.12195979431224216
Vermont,y2006,0.1287261369007254
Vermont,y2007,0.10622759368812429
Vermont,y2008,0.11314920017077384
Vermont,y2009,0.10157399460519863
Vermont,y2010,0.11359307612035058
Vermont,y2011,0.11304176475348977
Vermont,y2012,0.1161918245768827
Vermont,y2013,0.09416653009942096
Vermont,y2014,0.09120115351136567
Vermont,y2015,0.09621669850937341
Vermont,y2016,0.0933097924273243
Vermont,y2017,0.09245849988681082
Vermont,y2018,0.09286252713220537
Vermont,y2019,0.09170903230532562
Vermont,y2020,0.09595633318378945
Vermont,y2021,0.10019048882917106
Virginia,y1997,0.1327274493878942
Virginia,y1998,0.13168066936348236
Virginia,y1999,0.1306819705757901
Virginia,y2000,0.1317472396449671
Virginia,y2001,0.1332269508139558
Virginia,y2002,0.11683099395068386
Virginia,y2003,0.10971242584602668
Virginia,y2004,0.10156147672900148
Virginia,y2005,0.09773432379226725
Virginia,y2006,0.09328168485872021
Virginia,y2007,0.08746800483431444
Virginia,y2008,0.08226032900276274
Virginia,y2009,0.0938945522199571
Virginia,y2010,0.09457404862475303
Virginia,y2011,0.09099056184298784
Virginia,y2012,0.09049840618368442
Virginia,y2013,0.09090891212643985
Virginia,y2014,0.08660205536846025
Virginia,y2015,0.08837824122831042
Virginia,y2016,0.08580501918164368
Virginia,y2017,0.08332025868966968
Virginia,y2018,0.0834916919774085
Virginia,y2019,0.08132640863581077
Virginia,y2020,0.08043061070816496
Virginia,y2021,0.0830426914882293
Washington,y1997,0.15784680994645195
Washington,y1998,0.15012174533269826
Washington,y1999,0.14390514447695127
Washington,y2000,0.14759063806196188
Washington,y2001,0.1349110346256542
Washington,y2002,0.12971296271828636
Washington,y2003,0.11747455262986832
Washington,y2004,0.11341565245774342
Washington,y2005,0.13329179095329546
Washington,y2006,0.13488098586798666
Washington,y2007,0.13957842749138802
Washington,y2008,0.12812586229590628
Washington,y2009,0.13590485273811728
Washington,y2010,0.14147034537553987
Washington,y2011,0.14201650319870993
Washington,y2012,0.14425988925690073
Washington,y2013,0.14359267789155802
Washington,y2014,0.14255414752818577
Washington,y2015,0.14478421100787098
Washington,y2016,0.12258085832828314
Washington,y2017,0.11550729897456047
Washington,y2018,0.11250800957410945
Washington,y2019,0.10817767896837091
Washington,y2020,0.09440288170301948
Washington,y2021,0.08603444577462847
West Virginia,y1997,0.15976274901682677
West Virginia,y1998,0.15190205574965138
West Virginia,y1999,0.15628693277844766
West Virginia,y2000,0.13544931710577096
West Virginia,y2001,0.12263350715093023
West Virginia,y2002,0.12177276397079471
West Virginia,y2003,0.11592286548228206
West Virginia,y2004,0.1143574567663958
West Virginia,y2005,0.11566855166612142
West Virginia,y2006,0.11250657779336959
West Virginia,y2007,0.10035344631243305
West Virginia,y2008,0.09817241621314686
West Virginia,y2009,0.10424099105827453
West Virginia,y2010,0.09510035803735528
West Virginia,y2011,0.09685834003764039
West Virginia,y2012,0.09726800356075323
West Virginia,y2013,0.10124437791596427
West Virginia,y2014,0.09820339664300011
West Virginia,y2015,0.09642799554112888
West Virginia,y2016,0.09930855953663338
West Virginia,y2017,0.10296325510197261
West Virginia,y2018,0.10082636681982875
West Virginia,y2019,0.0959493149455962
West Virginia,y2020,0.09423900863489552
West Virginia,y2021,0.0935550864184817
Wisconsin,y1997,0.25268376743528226
Wisconsin,y1998,0.2519905073080076
Wisconsin,y1999,0.2488710929538897
Wisconsin,y2000,0.24534036700654502
Wisconsin,y2001,0.22830671901132582
Wisconsin,y2002,0.22089831027418233
Wisconsin,y2003,0.2143344716611455
Wisconsin,y2004,0.2091574953917446
Wisconsin,y2005,0.2045953092209752
Wisconsin,y2006,0.20987265610497655
Wisconsin,y2007,0.20103563503830751
Wisconsin,y2008,0.1880849787998679
Wisconsin,y2009,0.18138707981068725
Wisconsin,y2010,0.18782535314306392
Wisconsin,y2011,0.18932147088725068
Wisconsin,y2012,0.19531509658179094
Wisconsin,y2013,0.19704162473190184
Wisconsin,y2014,0.192717520696932
Wisconsin,y2015,0.1910679367912174
Wisconsin,y2016,0.18716013109041743
Wisconsin,y2017,0.1816174682957443
Wisconsin,y2018,0.17858898133559659
Wisconsin,y2019,0.1818383823850213
Wisconsin,y2020,0.18087760649543697
Wisconsin,y2021,0.1894954052850904
Wyoming,y1997,0.05847350643147156
Wyoming,y1998,0.06277543429333836
Wyoming,y1999,0.05620643252103037
Wyoming,y2000,0.05677889520478064
Wyoming,y2001,0.07102195282307854
Wyoming,y2002,0.049854948449305006
Wyoming,y2003,0.05406820927072325
Wyoming,y2004,0.05575046736152014
Wyoming,y2005,0.05473903315528189
Wyoming,y2006,0.05787362974682578
Wyoming,y2007,0.0777168559273412
Wyoming,y2008,0.07972106036296715
Wyoming,y2009,0.04291073595939534
Wyoming,y2010,0.04507612650508085
Wyoming,y2011,0.05164849539890418
Wyoming,y2012,0.06466797407824909
Wyoming,y2013,0.04867421060936935
Wyoming,y2014,0.04342530252588649
Wyoming,y2015,0.06173019421290814
Wyoming,y2016,0.04795284149502495
Wyoming,y2017,0.05903639623803363
Wyoming,y2018,0.07028025507080032
Wyoming,y2019,0.07677622674289408
Wyoming,y2020,0.07009236444725866
Wyoming,y2021,0.06485209886983932
