state_name,year,population,land_area_sqkm,pop_density
Alabama,1997,4368078.176,131171,33.30063944012015
Alabama,1998,4405940.594,131171,33.589288745225694
Alabama,1999,4429409.847,131171,33.76820979484795
Alabama,2000,4452440.551,131171,33.943787506384794
Alabama,2001,4467493.2979999995,131171,34.05854417516066
Alabama,2002,4475728.154999999,131171,34.121323730092776
Alabama,2003,4509677.419,131171,34.38014057223014
Alabama,2004,4536741.214,131171,34.58646510280473
Alabama,2005,4570063.694,131171,34.840503571673615
Alabama,2006,4628571.429,131171,35.286545265340656
Alabama,2007,4676190.476000001,131171,35.64957556167141
Alabama,2008,4725423.729,131171,36.02491197749503
Alabama,2009,4753968.254,131171,36.24252505508077
Alabama,2010,4783393.502,131171,36.46685244451899
Alabama,2011,4796296.296,131171,36.565218653513355
Alabama,2012,4807843.137,131171,36.65324756996592
Alabama,2013,4839357.43,131171,36.893501078744535
Alabama,2014,4845849.802,131171,36.94299656174002
Alabama,2015,4845528.455,131171,36.94054672907884
Alabama,2016,4871794.8719999995,131171,37.14079233977022
Alabama,2017,4869955.157,131171,37.126767021674
Alabama,2018,4886956.522,131171,37.256379245412475
Alabama,2019,4921296.296,131171,37.51817319376997
Alaska,1997,613095.238,1477953,0.4148272901776985
Alaska,1998,619676.946,1477953,0.4192805495167979
Alaska,1999,624963.5460000001,1477953,0.4228575238860776
Alaska,2000,628332.613,1477953,0.42513707337107476
Alaska,2001,634033.6760000001,1477953,0.4289944781735279
Alaska,2002,641141.141,1477953,0.43380347074636333
Alaska,2003,648036.254,1477953,0.43846878351341345
Alaska,2004,659058.488,1477953,0.4459265538214003
Alaska,2005,667134.831,1477953,0.45139110039358493
Alaska,2006,674591.382,1477953,0.45643628856939295
Alaska,2007,680685.358,1477953,0.46055954282713996
Alaska,2008,687170.475,1477953,0.46494744758459844
Alaska,2009,699812.383,1477953,0.47350110795133543
Alaska,2010,713461.5380000001,1477953,0.4827362832241621
Alaska,2011,721789.883,1477953,0.4883713372482075
Alaska,2012,731313.1309999999,1477953,0.4948148763864615
Alaska,2013,737527.115,1477953,0.4990193294374043
Alaska,2014,736956.522,1477953,0.4986332596503407
Alaska,2015,736842.105,1477953,0.49855584379205564
Alaska,2016,742222.222,1477953,0.5021960928392174
Alaska,2017,740659.341,1477953,0.5011386295775305
Alaska,2018,737179.487,1477953,0.4987841203340025
Alaska,2019,734475.375,1477953,0.49695448705067075
Arizona,1997,4748344.371,294207,16.13946769111544
Arizona,1998,4885350.318,294207,16.60514643771222
Arizona,1999,5023676.012,294207,17.075310961329947
Arizona,2000,5157832.043,294207,17.53130293636793
Arizona,2001,5272997.033,294207,17.922744982274384
Arizona,2002,5384146.341,294207,18.300537855999348
Arizona,2003,5518292.683,294207,18.756496898442254
Arizona,2004,5656976.744,294207,19.22787949980796
Arizona,2005,5826347.305,294207,19.803564514100614
Arizona,2006,6017964.072,294207,20.454863657220937
Arizona,2007,6168674.699,294207,20.967124164278893
Arizona,2008,6294478.528,294207,21.39472727705323
Arizona,2009,6344594.595000001,294207,21.565070154687007
Arizona,2010,6419354.839000001,294207,21.819177786388497
Arizona,2011,6470198.675,294207,21.991994327123418
Arizona,2012,6541095.890000001,294207,22.23297164921297
Arizona,2013,6620000,294207,22.501164146332343
Arizona,2014,6710344.828,294207,22.8082432708943
Arizona,2015,6834532.374,294207,23.23035269045264
Arizona,2016,6938931.298,294207,23.585201229066612
Arizona,2017,7070312.5,294207,24.031761650810484
Arizona,2018,7183206.107,294207,24.41548333996132
Arizona,2019,7283464.567,294207,24.756258576444477
Arkansas,1997,2603524.229,134771,19.31813393831017
Arkansas,1998,2630434.7830000003,134771,19.517810085255732
Arkansas,1999,2652431.29,134771,19.68102403336029
Arkansas,2000,2677664.975,134771,19.868257822528587
Arkansas,2001,2692373.977,134771,19.977398527873206
Arkansas,2002,2707964.602,134771,20.093080870513685
Arkansas,2003,2728070.175,134771,20.242264099843435
Arkansas,2004,2753303.9650000003,134771,20.429498668111094
Arkansas,2005,2774193.548,134771,20.584499246870617
Arkansas,2006,2822727.273,134771,20.944619191072263
Arkansas,2007,2855855.8559999997,134771,21.190433075364876
Arkansas,2008,2878923.767,134771,21.361596834630596
Arkansas,2009,2900943.396,134771,21.524982347834477
Arkansas,2010,2924778.761,134771,21.701840611110697
Arkansas,2011,2947598.2529999996,134771,21.87116110290789
Arkansas,2012,2959821.429,134771,21.961856994457264
Arkansas,2013,2965367.965,134771,22.003012257829948
Arkansas,2014,2969827.586,134771,22.036102618515855
Arkansas,2015,2984848.4850000003,134771,22.14755759770277
Arkansas,2016,2985576.923,134771,22.152962603230666
Arkansas,2017,3000000,134771,22.25998174681497
Arkansas,2018,3012765.957,134771,22.35470507008184
Arkansas,2019,3027906.9770000004,134771,22.4670513463579
California,1997,32348623.85,403466,80.17682741544517
California,1998,32963636.360000003,403466,81.70115043151097
California,1999,33495882.889999997,403466,83.0203360134435
California,2000,33982222.22,403466,84.22573951708446
California,2001,34483899.82,403466,85.46915928479723
California,2002,34945454.550000004,403466,86.61313357259348
California,2003,35339622.64,403466,87.59008848329228
California,2004,35690909.089999996,403466,88.46076023754169
California,2005,35743119.27,403466,88.59016440046993
California,2006,36163636.36,403466,89.63242592932242
California,2007,36270270.269999996,403466,89.89672059107829
California,2008,36571428.57,403466,90.64314854287598
California,2009,37030000,403466,91.77972865123704
California,2010,37145833.330000006,403466,92.06682429250546
California,2011,37659340.66,403466,93.33956432512281
California,2012,37902173.910000004,403466,93.94143226442874
California,2013,38428571.43,403466,95.24612093708019
California,2014,38377777.78,403466,95.12022767717727
California,2015,39044444.44,403466,96.77257672269782
California,2016,39266666.67,403466,97.32335976265658
California,2017,39175824.18,403466,97.0982045079387
California,2018,39406593.41,403466,97.67017148904739
California,2019,39362637.36,403466,97.561225382064407
Colorado,1997,4026455.0259999996,268431,14.999962843337766
Colorado,1998,4126315.7890000003,268431,15.371979350373095
Colorado,1999,4226365.546,268431,15.744699926610563
Colorado,2000,4326923.077,268431,16.119312139805015
Colorado,2001,4425521.822000001,268431,16.4866271853847
Colorado,2002,4490196.078000001,268431,16.727561563306775
Colorado,2003,4527363.184,268431,16.866022121141
Colorado,2004,4583333.333,268431,17.074530635433312
Colorado,2005,4623188.4059999995,268431,17.223004816880312
Colorado,2006,4712195.1219999995,268431,17.55458617670835
Colorado,2007,4797101.449,268431,17.870892143604873
Colorado,2008,4894472.362,268431,18.233633082617132
Colorado,2009,4962765.957,268431,18.4880507728243
Colorado,2010,5047368.421,268431,18.803224743043838
Colorado,2011,5110497.238,268431,19.038401816481702
Colorado,2012,5181818.182,268431,19.30409744776125
Colorado,2013,5262857.143,268431,19.60599611445772
Colorado,2014,5364161.850000001,268431,19.983391821361916
Colorado,2015,5467065.868,268431,20.36674552492074
Colorado,2016,5525000,268431,20.58257056748289
Colorado,2017,5620253.165,268431,20.937422149453678
Colorado,2018,5702531.646,268431,21.24393846463337
Colorado,2019,5767295.597,268431,21.48520698801554
Connecticut,1997,3357142.857,12542,267.6720504704194
Connecticut,1998,3352941.176,12542,267.3370416201563
Connecticut,1999,3385690.789,12542,269.9482370435337
Connecticut,2000,3415802.075,12542,272.34907311433585
Connecticut,2001,3431874.484,12542,273.6305600382714
Connecticut,2002,3448275.862,12542,274.93827635145914
Connecticut,2003,3495934.959,12542,278.7382362462127
Connecticut,2004,3492187.5,12542,278.439443469941
Connecticut,2005,3512000,12542,280.01913570403445
Connecticut,2006,3525862.069,12542,281.1243875777388
Connecticut,2007,3517543.86,12542,280.4611593047361
Connecticut,2008,3556603.774,12542,283.5754882793813
Connecticut,2009,3564356.436,12542,284.1936243023441
Connecticut,2010,3568627.451,12542,284.53416129803855
Connecticut,2011,3571428.571,12542,284.7575004783926
Connecticut,2012,3610526.316,12542,287.8748457981183
Connecticut,2013,3604166.667,12542,287.3677776271727
Connecticut,2014,3608247.423,12542,287.69314487322595
Connecticut,2015,3594059.406,12542,286.561904480944
Connecticut,2016,3589473.684,12542,286.19627523520967
Connecticut,2017,3568421.053,12542,284.5177047520332
Connecticut,2018,3561904.762,12542,283.9981471854569
Connecticut,2019,3553398.058,12542,283.3198898102376
Delaware,1997,750000,5047,148.6031305726174
Delaware,1998,764150.943,5047,151.4069631464236
Delaware,1999,775047.2590000001,5047,153.56593203883497
Delaware,2000,786993.402,5047,155.93291103625916
Delaware,2001,796416.127,5047,157.799906280959
Delaware,2002,807106.599,5047,159.91808975629087
Delaware,2003,817733.99,5047,162.02377451951654
Delaware,2004,830000,5047,164.4541311670299
Delaware,2005,844660.194,5047,167.35886546463246
Delaware,2006,857142.8570000001,5047,169.83214919754312
Delaware,2007,872448.9800000001,5047,172.8648662571825
Delaware,2008,885245.902,5047,175.4004164850406
Delaware,2009,888059.701,5047,175.9579356053101
Delaware,2010,903448.276,5047,179.0069894987121
Delaware,2011,908496.7320000001,5047,180.00727798692293
Delaware,2012,918238.994,5047,181.93758549633444
Delaware,2013,921052.632,5047,182.49507271646522
Delaware,2014,932432.432,5047,184.74983792351892
Delaware,2015,939189.189,5047,186.0886049138102
Delaware,2016,947368.421,5047,187.70921755498316
Delaware,2017,958333.333,5047,189.88177788785416
Delaware,2018,965517.241,5047,191.30517951258173
Delaware,2019,978417.2660000001,5047,193.86115831186845
Florida,1997,15230769.23,138887,109.66302987320628
Florida,1998,15456375.84,138887,111.28741955690597
Florida,1999,15763374.49,138887,113.49783989862263
Florida,2000,16046979.870000001,138887,115.53982640563912
Florida,2001,16359062.72,138887,117.7868534852074
Florida,2002,16634482.760000002,138887,119.76990474270451
Florida,2003,17000000,138887,122.4016646626394
Florida,2004,17371621.619999997,138887,125.07737671632333
Florida,2005,17808219.18,138887,128.22092190053783
Florida,2006,18118881.12,138887,130.45771828896875
Florida,2007,18335714.29,138887,132.01893834556148
Florida,2008,18488372.09,138887,133.11808945401657
Florida,2009,18725000,138887,134.82183357693665
Florida,2010,18884615.38,138887,135.97107994268723
Florida,2011,19049180.33,138887,137.15596369710627
Florida,2012,19237288.14,138887,138.51035834887355
Florida,2013,19568965.52,138887,140.8984679631643
Florida,2014,19914529.91,138887,143.38656540928957
Florida,2015,20290598.29,138887,146.09429457040616
Florida,2016,20594827.59,138887,148.28477532094436
Florida,2017,20912280.7,138887,150.57046879837566
Florida,2018,21228070.18,138887,152.8441839769021
Florida,2019,21431192.66,138887,154.30668572292583
Georgia,1997,7700980.392,148959,51.69865796628603
Georgia,1998,7880597.015000001,148959,52.90447045831404
Georgia,1999,8045977.011,148959,54.01470881920528
Georgia,2000,8229873.909,148959,55.24925589591767
Georgia,2001,8377397.614999999,148959,56.23962039890171
Georgia,2002,8500000,148959,57.06268167750858
Georgia,2003,8611111.111,148959,57.80859908431179
Georgia,2004,8765000,148959,58.84169469451326
Georgia,2005,8923076.923,148959,59.90290565189079
Georgia,2006,9145000,148959,61.39273222833128
Georgia,2007,9373737.374,148959,62.92830492954437
Georgia,2008,9483516.484000001,148959,63.665280271752636
Georgia,2009,9644970.413999999,148959,64.7491619438906
Georgia,2010,9733333.332999999,148959,65.34236489906618
Georgia,2011,9815950.92,148959,65.89699796588323
Georgia,2012,9902097.901999999,148959,66.47532476721781
Georgia,2013,9993006.993,148959,67.08562082855015
Georgia,2014,10074829.93,148959,67.634919205956
Georgia,2015,10188811.19,148959,68.40010465967146
Georgia,2016,10328571.43,148959,69.33835102276466
Georgia,2017,10426470.59,148959,69.99557321142059
Georgia,2018,10511111.11,148959,70.56378674668868
Georgia,2019,10664062.5,148959,71.59058868547721
Hawaii,1997,1214285.7140000002,16635,72.99583492636009
Hawaii,1998,1214285.7140000002,16635,72.99583492636009
Hawaii,1999,1209592.641,16635,72.71371451758341
Hawaii,2000,1211924.8220000002,16635,72.85391175232944
Hawaii,2001,1225703.325,16635,73.68219567177637
Hawaii,2002,1236363.6360000002,16635,74.32303192064924
Hawaii,2003,1250000,16635,75.14277126540426
Hawaii,2004,1278409.091,16635,76.85056152690112
Hawaii,2005,1292134.831,16635,77.67567363991584
Hawaii,2006,1310734.463,16635,78.79377595431319
Hawaii,2007,1318681.319,16635,79.27149498046288
Hawaii,2008,1331034.483,16635,80.0140957619477
Hawaii,2009,1342857.143,16635,80.72480571085062
Hawaii,2010,1360000,16635,81.75533513675984
Hawaii,2011,1382550.336,16635,83.11093092876465
Hawaii,2012,1400000,16635,84.15990381725278
Hawaii,2013,1405594.406,16635,84.49620715359183
Hawaii,2014,1420289.855,16635,85.37961256387135
Hawaii,2015,1424460.432,16635,85.63032353471596
Hawaii,2016,1424460.432,16635,85.63032353471596
Hawaii,2017,1426573.427,16635,85.75734457469191
Hawaii,2018,1419580.42,16635,85.33696543432521
Hawaii,2019,1413793.103,16635,84.9890654042681
Idaho,1997,1232142.8569999998,214045,5.756466429956317
Idaho,1998,1250000,214045,5.839893480342918
Idaho,1999,1275684.932,214045,5.9598912938868
Idaho,2000,1299668.874,214045,6.071942227101778
Idaho,2001,1320338.983,214045,6.168511214931439
Idaho,2002,1339285.7140000002,214045,6.257028727604009
Idaho,2003,1367924.5280000002,214045,6.390826826134692
Idaho,2004,1389380.531,214045,6.491067443761826
Idaho,2005,1423423.423,214045,6.65011293419608
Idaho,2006,1462962.963,214045,6.834838295685486
Idaho,2007,1509259.259,214045,7.051130645425028
Idaho,2008,1534653.465,214045,7.169770211871336
Idaho,2009,1551020.408,214045,7.246235174846411
Idaho,2010,1582524.2719999999,214045,7.393418542829778
Idaho,2011,1584158.416,214045,7.4010531243430115
Idaho,2012,1595959.596,214045,7.4561872316568945
Idaho,2013,1607476.636,214045,7.509993861103974
Idaho,2014,1631067.9610000001,214045,7.620210521152095
Idaho,2015,1651376.1469999999,214045,7.7150886355672865
Idaho,2016,1678899.0829999999,214045,7.843673447172323
Idaho,2017,1715596.3299999998,214045,8.01511985797379
Idaho,2018,1743119.2659999998,214045,8.143704669578826
Idaho,2019,1794642.8569999998,214045,8.38441849611063
Illinois,1997,12194594.59,143793,84.8065941318423
Illinois,1998,12265536.72,143793,85.29995702155182
Illinois,1999,12360021.79,143793,85.95704790914716
Illinois,2000,12435150.87,143793,86.47952869750266
Illinois,2001,12485302.27,143793,86.82830367264053
Illinois,2002,12500000,143793,86.93051817543274
Illinois,2003,12576086.959999999,143793,87.45966048416821
Illinois,2004,12582010.58,143793,87.50085595265416
Illinois,2005,12597938.14,143793,87.6116232361798
Illinois,2006,12647058.82,143793,87.95323012942215
Illinois,2007,12708333.33,143793,88.37936012184181
Illinois,2008,12747368.42,143793,88.65082736989979
Illinois,2009,12764044.94,143793,88.76680325189682
Illinois,2010,12818681.32,143793,89.1467687578672
Illinois,2011,12894444.44,143793,89.67365894028221
Illinois,2012,12882352.940000001,143793,89.58956931144075
Illinois,2013,12906077.35,143793,89.75455933181726
Illinois,2014,12864130.43,143793,89.46284193250018
Illinois,2015,12894117.65,143793,89.67138629835945
Illinois,2016,12808641.98,143793,89.07695075560007
Illinois,2017,12795031.059999999,143793,88.98229440932451
Illinois,2018,12760479.04,143793,88.74200440911588
Illinois,2019,12633540.370000001,143793,87.85921686034787
Indiana,1997,5956284.153,92789,64.1917054068909
Indiana,1998,6002732.24,92789,64.69228292146698
Indiana,1999,6045648.692000001,92789,65.1547995128733
Indiana,2000,6091486.658,92789,65.6488016683012
Indiana,2001,6128525.812,92789,66.04797779909256
Indiana,2002,6155672.823,92789,66.34054492450613
Indiana,2003,6193798.45,92789,66.75143012641585
Indiana,2004,6236363.636,92789,67.21016107512744
Indiana,2005,6278947.368,92789,67.66909189666879
Indiana,2006,6328877.005,92789,68.2071905613812
Indiana,2007,6378378.378,92789,68.74067376520924
Indiana,2008,6418282.5479999995,92789,69.17072657319294
Indiana,2009,6453703.704,92789,69.55246531377642
Indiana,2010,6500000,92789,70.05140695556585
Indiana,2011,6515527.95,92789,70.21875383935595
Indiana,2012,6535117.057,92789,70.42986837879491
Indiana,2013,6582236.842,92789,70.9376848764401
Indiana,2014,6596153.846,92789,71.08767037041028
Indiana,2015,6614840.989,92789,71.28906431796872
Indiana,2016,6635036.495999999,92789,71.50671411481964
Indiana,2017,6662878.788000001,92789,71.80677438058392
Indiana,2018,6709219.858,92789,72.30619855801874
Indiana,2019,6721374.046,92789,72.43718593798835
Iowa,1997,2887159.5330000003,144669,19.957002073699275
Iowa,1998,2902255.639,144669,20.061351353780008
Iowa,1999,2918222.554,144669,20.17171995382563
Iowa,2000,2928808.558,144669,20.24489391645757
Iowa,2001,2932533.733,144669,20.270643558744446
Iowa,2002,2929368.03,144669,20.248761172054827
Iowa,2003,2944029.851,144669,20.350108530507573
Iowa,2004,2952029.52,144669,20.405404889782883
Iowa,2005,2966666.6670000004,144669,20.506581693382827
Iowa,2006,2978021.978,144669,20.585073360567918
Iowa,2007,3000000,144669,20.736992721315556
Iowa,2008,3020066.8899999997,144669,20.875701705272032
Iowa,2009,3028368.7939999998,144669,20.93308721287905
Iowa,2010,3050675.676,144669,21.0872797627688
Iowa,2011,3063157.895,144669,21.17356099095176
Iowa,2012,3071698.113,144669,21.232593803786575
Iowa,2013,3097744.361,144669,21.412634088851103
Iowa,2014,3111940.299,144669,21.510761109843852
Iowa,2015,3120967.742,144669,21.573161783104883
Iowa,2016,3135593.22,144669,21.67425792671547
Iowa,2017,3139917.695,144669,21.70415012891497
Iowa,2018,3145038.168,144669,21.73954453269187
Iowa,2019,3155102.041,144669,21.809109353074952
Kansas,1997,2637037.037,211754,12.453304480670967
Kansas,1998,2665399.24,211754,12.587243877329355
Kansas,1999,2678362.573,211754,12.64846271144819
Kansas,2000,2693674.485,211754,12.72077261822681
Kansas,2001,2702407.8249999997,211754,12.762015475504594
Kansas,2002,2715302.491,211754,12.822910032396083
Kansas,2003,2726643.599,211754,12.876467972269708
Kansas,2004,2735714.286,211754,12.919303937587955
Kansas,2005,2748120.301,211754,12.977890859204548
Kansas,2006,2761363.636,211754,13.040431991839586
Kansas,2007,2781690.141,211754,13.136423118335426
Kansas,2008,2808988.764,211754,13.265339799956553
Kansas,2009,2837209.302,211754,13.398610189181786
Kansas,2010,2858267.7169999997,211754,13.498057732085343
Kansas,2011,2873983.7399999998,211754,13.572276037288551
Kansas,2012,2886462.882,211754,13.631208298308415
Kansas,2013,2896265.5599999996,211754,13.677501062553716
Kansas,2014,2904958.678,211754,13.718553973006413
Kansas,2015,2905405.4050000003,211754,13.720663623827651
Kansas,2016,2911627.907,211754,13.750049146651303
Kansas,2017,2906403.941,211754,13.725379171113651
Kansas,2018,2912037.037,211754,13.751981247107492
Kansas,2019,2908653.846,211754,13.736004259659794
Kentucky,1997,3950276.243,102269,38.626330980062384
Kentucky,1998,3983098.592,102269,38.94727231125757
Kentucky,1999,4018411.6520000002,102269,39.29256814870587
Kentucky,2000,4048995.3209999995,102269,39.591619366572466
Kentucky,2001,4067600.323,102269,39.77354157173728
Kentucky,2002,4089189.189,102269,39.98464039933899
Kentucky,2003,4116991.6430000006,102269,40.256496523873324
Kentucky,2004,4142091.153,102269,40.501922899412335
Kentucky,2005,4179144.385,102269,40.864234372097116
Kentucky,2006,4220744.681,102269,41.27100764650089
Kentucky,2007,4260752.688,102269,41.66221130547869
Kentucky,2008,4292011.019,102269,41.96785945887806
Kentucky,2009,4319526.627,102269,42.236910764747876
Kentucky,2010,4343750,102269,42.47377015517899
Kentucky,2011,4369942.197000001,102269,42.729880970773166
Kentucky,2012,4393750,102269,42.962676862001196
Kentucky,2013,4406940.063,102269,43.091651067283344
Kentucky,2014,4415094.34,102269,43.17138468157506
Kentucky,2015,4420875.421,102269,43.22791286704671
Kentucky,2016,4433566.434,102269,43.35200729448807
Kentucky,2017,4458015.267,102269,43.591071263041584
Kentucky,2018,4465454.545,102269,43.663813521203885
Kentucky,2019,4472868.217,102269,43.736305400463486
Louisiana,1997,4419161.677,111898,39.49276731487605
Louisiana,1998,4439232.409,111898,39.67213363062789
Louisiana,1999,4461322.385,111898,39.869545344867646
Louisiana,2000,4471923.779,111898,39.96428693095498
Louisiana,2001,4478251.0709999995,111898,40.020832106025125
Louisiana,2002,4496703.297,111898,40.18573430266851
Louisiana,2003,4520179.372,111898,40.395533182005046
Louisiana,2004,4549234.136,111898,40.65518718833223
Louisiana,2005,4578231.293,111898,40.91432637759387
Louisiana,2006,4305327.869,111898,38.47546755974191
Louisiana,2007,4378378.378,111898,39.128298789969435
Louisiana,2008,4436956.522,111898,39.65179468801944
Louisiana,2009,4489559.165,111898,40.121889265223686
Louisiana,2010,4542410.714,111898,40.5942082432215
Louisiana,2011,4579295.154,111898,40.92383379506336
Louisiana,2012,4605140.187,111898,41.154803365565066
Louisiana,2013,4621026.895,111898,41.29677827128277
Louisiana,2014,4645885.287,111898,41.51893051707805
Louisiana,2015,4663316.583000001,111898,41.67470895815833
Louisiana,2016,4680693.069,111898,41.829997578151534
Louisiana,2017,4671497.585,111898,41.74782020232712
Louisiana,2018,4657894.737000001,111898,41.62625549160843
Louisiana,2019,4662679.426,111898,41.6690148706858
Maine,1997,1256410.2559999998,79883,15.72813059098932
Maine,1998,1261437.908,79883,15.79106828737028
Maine,1999,1266750.157,79883,15.857568656660364
Maine,2000,1274397.245,79883,15.953297259742374
Maine,2001,1286206.897,79883,16.101134121152185
Maine,2002,1298913.043,79883,16.260193570597
Maine,2003,1307692.308,79883,16.370095114104377
Maine,2004,1316939.891,79883,16.485859206589637
Maine,2005,1320000,79883,16.524166593643205
Maine,2006,1325000,79883,16.58675813377064
Maine,2007,1322784.8099999998,79883,16.55902770301566
Maine,2008,1328671.3290000001,79883,16.632716961055547
Maine,2009,1326086.957,79883,16.6003649963071
Maine,2010,1328358.2089999998,79883,16.6287972284466
Maine,2011,1330769.2310000001,79883,16.658979144498833
Maine,2012,1322033.898,79883,16.549627555299626
Maine,2013,1333333.3329999999,79883,16.691077363143595
Maine,2014,1322580.645,79883,16.556471902657638
Maine,2015,1325396.825,79883,16.591725711352854
Maine,2016,1338842.9749999999,79883,16.760048758809756
Maine,2017,1339130.435,79883,16.763647271634767
Maine,2018,1345454.545,79883,16.84281442860183
Maine,2019,1345794.393,79883,16.847068750547674
Maryland,1997,5163120.567,25142,205.3583870416037
Maryland,1998,5205479.452,25142,207.0431728581656
Maryland,1999,5254679.143999999,25142,209.00004550155117
Maryland,2000,5311231.394,25142,211.24935939861587
Maryland,2001,5375510.204,25142,213.80599013602736
Maryland,2002,5455172.414,25142,216.9744815050513
Maryland,2003,5480000,25142,217.96197597645374
Maryland,2004,5560000,25142,221.14390263304432
Maryland,2005,5592105.262999999,25142,222.42086003500117
Maryland,2006,5625899.2809999995,25142,223.76498611884494
Maryland,2007,5647482.014,25142,224.6234195370297
Maryland,2008,5694656.489,25142,226.49974103094425
Maryland,2009,5712000,25142,227.18956328056638
Maryland,2010,5804878.049,25142,230.88370252963168
Maryland,2011,5817391.3040000005,25142,231.3814057751969
Maryland,2012,5886792.453,25142,234.1417728502108
Maryland,2013,5923076.923,25142,235.58495437912657
Maryland,2014,5944444.444,25142,236.43482793731604
Maryland,2015,5990384.615,25142,238.2620561212314
Maryland,2016,5990099.01,25142,238.25069644419696
Maryland,2017,6043956.044,25142,240.39281059581575
Maryland,2018,6049019.608,25142,240.59420921167768
Maryland,2019,6053191.488999999,25142,240.76014195370294
Massachusetts,1997,6218978.102,20202,307.8397238887239
Massachusetts,1998,6295454.545,20202,311.6253116028116
Massachusetts,1999,6319248.826,20202,312.8031296901297
Massachusetts,2000,6360123.648,20202,314.8264354024354
Massachusetts,2001,6400468.384,20202,316.8235018315018
Massachusetts,2002,6434108.527000001,20202,318.4886905751906
Massachusetts,2003,6424242.424,20202,318.000317988318
Massachusetts,2004,6426356.589,20202,318.10496926046926
Massachusetts,2005,6393939.394,20202,316.5003165033165
Massachusetts,2006,6436974.79,20202,318.63057073557076
Massachusetts,2007,6443548.387,20202,318.95596411246413
Massachusetts,2008,6445378.151,20202,319.0465375210375
Massachusetts,2009,6518518.518999999,20202,322.66698935748934
Massachusetts,2010,6558558.558999999,20202,324.64897331947327
Massachusetts,2011,6615384.615,20202,327.46186590436594
Massachusetts,2012,6648936.17,20202,329.12266953766954
Massachusetts,2013,6717171.717,20202,332.5003324918325
Massachusetts,2014,6760416.667,20202,334.6409596574597
Massachusetts,2015,6806122.449,20202,336.9033981288981
Massachusetts,2016,6819148.936000001,20202,337.5482098802099
Massachusetts,2017,6882978.723,20202,340.7077874962875
Massachusetts,2018,6892473.118,20202,341.1777605187605
Massachusetts,2019,6880434.783,20202,340.5818623403623
Michigan,1997,9790816.327,146435,66.86117613275515
Michigan,1998,9850515.464000002,146435,67.26885965786869
Michigan,1999,9895574.341,146435,67.5765653088401
Michigan,2000,9953964.194,146435,67.97530777478062
Michigan,2001,9992092.778,146435,68.235686673268
Michigan,2002,9989417.989,146435,68.21742062348483
Michigan,2003,10059139.780000001,146435,68.69354853689352
Michigan,2004,10047872.34,146435,68.61660354423464
Michigan,2005,10058201.06,146435,68.68713804759791
Michigan,2006,10016759.78,146435,68.40413685252842
Michigan,2007,10000000,146435,68.28968484310445
Michigan,2008,9971590.909,146435,68.09568005599755
Michigan,2009,9927710.843,146435,67.79602446819408
Michigan,2010,9852941.175999999,146435,67.28542476866869
Michigan,2011,9908536.585,146435,67.66508406460204
Michigan,2012,9898089.172,146435,67.59373901048247
Michigan,2013,9939393.939000001,146435,67.87580796257726
Michigan,2014,9939393.939000001,146435,67.87580796257726
Michigan,2015,9909638.554000001,146435,67.67260937617374
Michigan,2016,9967741.934999999,146435,68.0693955338546
Michigan,2017,9980769.231,146435,68.1583585276744
Michigan,2018,9981707.317,146435,68.16476468740396
Michigan,2019,10012578.62,146435,68.37558384266056
Minnesota,1997,4751295.337,206232,23.038594093060244
Minnesota,1998,4806282.723,206232,23.305222870359596
Minnesota,1999,4873157.8950000005,206232,23.62949442860468
Minnesota,2000,4932126.697000001,206232,23.91542872590093
Minnesota,2001,4981627.297,206232,24.155452582528415
Minnesota,2002,5015463.918,206232,24.319523245665074
Minnesota,2003,5044554.455,206232,24.460580584002482
Minnesota,2004,5090909.091,206232,24.685349950541138
Minnesota,2005,5115577.8889999995,206232,24.80496668315295
Minnesota,2006,5161458.333,206232,25.027436736296984
Minnesota,2007,5212435.233,206232,25.274619035843127
Minnesota,2008,5235602.094,206232,25.386953014081225
Minnesota,2009,5268571.429,206232,25.546818287171728
Minnesota,2010,5312138.728,206232,25.75807211296016
Minnesota,2011,5345029.239999999,206232,25.91755518057333
Minnesota,2012,5366459.627,206232,26.02146915609605
Minnesota,2013,5404761.905,206232,26.207193379300982
Minnesota,2014,5448863.636,206232,26.42103861670352
Minnesota,2015,5478527.607,206232,26.564876483765854
Minnesota,2016,5521212.120999999,206232,26.77184976628263
Minnesota,2017,5567073.171,206232,26.99422577970441
Minnesota,2018,5609467.456,206232,27.199791768493736
Minnesota,2019,5650306.748000001,206232,27.397817739245124
Mississippi,1997,2776119.403,121531,22.842891138886372
Mississippi,1998,2801980.198,121531,23.05568289572208
Mississippi,1999,2828347.906,121531,23.272645711793697
Mississippi,2000,2850510.678,121531,23.455008829023047
Mississippi,2001,2853229.763,121531,23.477382420946096
Mississippi,2002,2858447.489,121531,23.52031571368622
Mississippi,2003,2861607.143,121531,23.546314462976525
Mississippi,2004,2881578.947,121531,23.71064952152126
Mississippi,2005,2909090.909,121531,23.937027663723658
Mississippi,2006,2903508.772,121531,23.89109586854383
Mississippi,2007,2931330.472,121531,24.120022644428172
Mississippi,2008,2940909.091,121531,24.198838905299883
Mississippi,2009,2960975.6100000003,121531,24.36395331232361
Mississippi,2010,2976635.514,121531,24.492808534448
Mississippi,2011,2974619.289,121531,24.476218322897036
Mississippi,2012,2990049.7509999997,121531,24.603185615192828
Mississippi,2013,2989528.796,121531,24.598899013420446
Mississippi,2014,2990000,121531,24.60277624638981
Mississippi,2015,2990243.9020000002,121531,24.60478315820655
Mississippi,2016,2995192.308,121531,24.64550039084678
Mississippi,2017,2995049.505,121531,24.64432535731624
Mississippi,2018,2981132.075,121531,24.529807826809623
Mississippi,2019,2976190.4760000003,121531,24.48914660457003
Missouri,1997,5478260.87,178040,30.769831891709728
Missouri,1998,5527426.16,178040,31.045979330487533
Missouri,1999,5562130.178,178040,31.24090192091665
Missouri,2000,5606194.6899999995,178040,31.488399741631092
Missouri,2001,5641975.309,178040,31.68936929341721
Missouri,2002,5668085.106000001,178040,31.83602059087846
Missouri,2003,5719512.195,178040,32.12487191080656
Missouri,2004,5740890.688,178040,32.244948820489775
Missouri,2005,5780000,178040,32.46461469332734
Missouri,2006,5840816.327,178040,32.80620269040665
Missouri,2007,5875518.672,178040,33.001115884071
Missouri,2008,5910256.409999999,178040,33.196227870141534
Missouri,2009,5950450.45,178040,33.42198635138171
Missouri,2010,6004385.965,178040,33.72492678611548
Missouri,2011,6000000,178040,33.700292069197936
Missouri,2012,6032710.28,178040,33.88401640080881
Missouri,2013,6031531.532,178040,33.877395708829475
Missouri,2014,6068181.818,178040,34.083249932599415
Missouri,2015,6082926.829,178040,34.166068462143336
Missouri,2016,6102564.103,178040,34.27636544035048
Missouri,2017,6102941.176,178040,34.278483352055716
Missouri,2018,6117647.059,178040,34.36108211076163
Missouri,2019,6125654.45,178040,34.40605734666367
Montana,1997,889880.9519999999,376962,2.3606648733824627
Montana,1998,891666.667,376962,2.365401995426595
Montana,1999,897975.9299999999,376962,2.3821391280818753
Montana,2000,904694.1680000001,376962,2.3999611844164663
Montana,2001,906904.358,376962,2.405824348342804
Montana,2002,911764.706,376962,2.418717817711069
Montana,2003,919667.59,376962,2.439682487890026
Montana,2004,928000,376962,2.4617865991797583
Montana,2005,939790.576,376962,2.4930644892588645
Montana,2006,952380.9519999999,376962,2.5264640786073924
Montana,2007,964467.005,376962,2.558525806314695
Montana,2008,976377.953,376962,2.5901230177047023
Montana,2009,982195.846,376962,2.605556650272441
Montana,2010,991501.416,376962,2.6302423480350803
Montana,2011,1000000,376962,2.6527872835988773
Montana,2012,1006535.948,376962,2.670125763339541
Montana,2013,1012618.2969999999,376962,2.686260941421151
Montana,2014,1025157.233,376962,2.7195240713918114
Montana,2015,1028481.0129999999,376962,2.7283413527092915
Montana,2016,1040133.779,376962,2.7592536621728447
Montana,2017,1054054.054,376962,2.796181190677044
Montana,2018,1064625.85,376962,2.8242259166706463
Montana,2019,1069536.424,376962,2.837252624933017
Nebraska,1997,1683127.5720000002,198974,8.459032697739405
Nebraska,1998,1695652.1739999999,198974,8.521978620322253
Nebraska,1999,1705353.494,198974,8.57073534230603
Nebraska,2000,1715343.48,198974,8.62094283675254
Nebraska,2001,1719839.679,198974,8.6435397539377
Nebraska,2002,1730612.245,198974,8.697680325067598
Nebraska,2003,1737051.793,198974,8.730044091187795
Nebraska,2004,1750000,198974,8.795118960266166
Nebraska,2005,1759036.145,198974,8.840532657533146
Nebraska,2006,1772000,198974,8.905686170052368
Nebraska,2007,1784000,198974,8.96599555720848
Nebraska,2008,1792307.692,198974,9.007748208308623
Nebraska,2009,1812260.5359999998,198974,9.108026857780413
Nebraska,2010,1831501.832,198974,9.204729421934523
Nebraska,2011,1838596.4910000002,198974,9.240385633298823
Nebraska,2012,1853479.8530000001,198974,9.31518617005237
Nebraska,2013,1864111.498,198974,9.368618502919979
Nebraska,2014,1884476.534,198974,9.470968739634325
Nebraska,2015,1891791.045,198974,9.50772987928071
Nebraska,2016,1905511.811,198974,9.57668746167841
Nebraska,2017,1916000,198974,9.629398815925699
Nebraska,2018,1926470.588,198974,9.682021711379376
Nebraska,2019,1934865.9,198974,9.724214721521404
Nevada,1997,1768518.5189999999,284332,6.219906725236695
Nevada,1998,1854545.455,284332,6.522464777091569
Nevada,1999,1935077.067,284332,6.8056956902494266
Nevada,2000,2017699.115,284332,7.096278698845012
Nevada,2001,2098360.656,284332,7.379966574286398
Nevada,2002,2171875,284332,7.6385176483828765
Nevada,2003,2244897.9590000003,284332,7.895340513906279
Nevada,2004,2346341.463,284332,8.252118871600805
Nevada,2005,2436893.204,284332,8.570590731961229
Nevada,2006,2527272.727,284332,8.888456898977251
Nevada,2007,2596273.292,284332,9.1311329431791
Nevada,2008,2662337.662,284332,9.363482344583094
Nevada,2009,2687074.8299999996,284332,9.450483343415442
Nevada,2010,2705882.3529999997,284332,9.516629689939927
Nevada,2011,2707142.857,284332,9.521062901819
Nevada,2012,2746376.812,284332,9.659049322622849
Nevada,2013,2776223.776,284332,9.764021552269883
Nevada,2014,2819444.444,284332,9.916029303771648
Nevada,2015,2873134.3279999997,284332,10.104857448335045
Nevada,2016,2919708.029,284332,10.268657868266674
Nevada,2017,2977777.778,284332,10.472890065135124
Nevada,2018,3021897.81,284332,10.628060893603253
Nevada,2019,3088888.889,284332,10.863669544757537
New Hampshire,1997,1187050.3599999999,23187,51.19465045068357
New Hampshire,1998,1204379.562,23187,51.942017596066755
New Hampshire,1999,1222547.584,23187,52.725561047138484
New Hampshire,2000,1242015.614,23187,53.56517074222625
New Hampshire,2001,1255555.556,23187,54.14911614266615
New Hampshire,2002,1273381.2950000002,23187,54.917897744425765
New Hampshire,2003,1280487.805,23187,55.22438456893949
New Hampshire,2004,1294117.6469999999,23187,55.81220714193297
New Hampshire,2005,1298780.488,23187,56.01330435157631
New Hampshire,2006,1310810.811,23187,56.53214348557381
New Hampshire,2007,1315068.493,23187,56.71576715400871
New Hampshire,2008,1316901.408,23187,56.7948164057446
New Hampshire,2009,1315384.615,23187,56.72940074179497
New Hampshire,2010,1322834.646,23187,57.050702807607706
New Hampshire,2011,1322580.645,23187,57.03974835036874
New Hampshire,2012,1324324.324,23187,57.114949066287146
New Hampshire,2013,1321100.9170000001,23187,56.9759312114547
New Hampshire,2014,1333333.3329999999,23187,57.5034861344719
New Hampshire,2015,1342105.263,23187,57.88179855091215
New Hampshire,2016,1339805.825,23187,57.782629275024796
New Hampshire,2017,1350000,23187,58.22227972570837
New Hampshire,2018,1352380.952,23187,58.32496450597318
New Hampshire,2019,1362745.098,23187,58.771945400439904
New Jersey,1997,8202614.379,19047,430.6512510631595
New Jersey,1998,8280821.917999999,19047,434.7572803066099
New Jersey,1999,8361372.812999999,19047,438.98633973854146
New Jersey,2000,8430311.230999999,19047,442.6057243135401
New Jersey,2001,8489853.044,19047,445.7317710925605
New Jersey,2002,8521126.761,19047,447.3736945975744
New Jersey,2003,8576388.889,19047,450.27505061164493
New Jersey,2004,8636986.301,19047,453.45651813933955
New Jersey,2005,8649006.623,19047,454.0876055546805
New Jersey,2006,8669014.085,19047,455.1380314485221
New Jersey,2007,8662251.656000001,19047,454.78299238725265
New Jersey,2008,8727891.156,19047,458.22917813828946
New Jersey,2009,8779527.559,19047,460.94017740326564
New Jersey,2010,8800000,19047,462.01501548800337
New Jersey,2011,8823529.411999999,19047,463.2503497663673
New Jersey,2012,8839285.714000002,19047,464.07758250643155
New Jersey,2013,8884955.752,19047,466.47533742846645
New Jersey,2014,8889830.508,19047,466.73127043628915
New Jersey,2015,8863247.863,19047,465.335636215677
New Jersey,2016,8873949.58,19047,465.8974946185751
New Jersey,2017,8866071.429,19047,465.4838782485431
New Jersey,2018,8906779.661,19047,467.62112988922144
New Jersey,2019,8920353.982,19047,468.3338049036594
New Mexico,1997,1771428.571,314161,5.6386011344501705
New Mexico,1998,1792880.2589999998,314161,5.70688360108352
New Mexico,1999,1808285.1639999999,314161,5.755918665906971
New Mexico,2000,1822444.514,314161,5.800989027918805
New Mexico,2001,1832130.53,314161,5.831820404187662
New Mexico,2002,1856187.291,314161,5.908395029936879
New Mexico,2003,1879870.1300000001,314161,5.9837794315653445
New Mexico,2004,1900000,314161,6.047854444058938
New Mexico,2005,1931818.182,314161,6.149134303748715
New Mexico,2006,1961038.9610000001,314161,6.242146418556091
New Mexico,2007,1986531.987,314161,6.323292792549044
New Mexico,2008,2014184.397,314161,6.411312661342433
New Mexico,2009,2038869.2580000001,314161,6.489886580447606
New Mexico,2010,2065134.0999999999,314161,6.57348970750666
New Mexico,2011,2085185.1849999998,314161,6.637313940941109
New Mexico,2012,2084615.3850000002,314161,6.6355002212241505
New Mexico,2013,2093385.214,314161,6.663415299798511
New Mexico,2014,2090909.0909999998,314161,6.655533599014517
New Mexico,2015,2086419.753,314161,6.641243671238633
New Mexico,2016,2094420.601,314161,6.666711020782338
New Mexico,2017,2092827.0040000002,314161,6.66163847199366
New Mexico,2018,2095890.411,314161,6.671389545487823
New Mexico,2019,2098712.446,314161,6.680372312285739
New York,1997,18733944.950000003,122057,153.48521551406313
New York,1998,18805555.56,122057,154.0719136141311
New York,1999,18876146.79,122057,154.65026004243919
New York,2000,18997314.23,122057,155.64297197211138
New York,2001,19078899.08,122057,156.31138795808513
New York,2002,19075471.700000003,122057,156.28330779881534
New York,2003,19189189.19,122057,157.21498308167497
New York,2004,19232142.86,122057,157.56689792474006
New York,2005,19054054.05,122057,156.1078352736836
New York,2006,19178217.82,122057,157.1250958158893
New York,2007,19221153.85,122057,157.47686613631336
New York,2008,19202020.2,122057,157.32010617989954
New York,2009,19344444.44,122057,158.48697280778654
New York,2010,19473684.209999997,122057,159.54582047731796
New York,2011,19477777.78,122057,159.57935866029806
New York,2012,19523255.81,122057,159.9519553159589
New York,2013,19662790.7,122057,161.09514980705734
New York,2014,19577777.78,122057,160.39864800871726
New York,2015,19595505.62,122057,160.54389031354205
New York,2016,19563218.39,122057,160.27936447725244
New York,2017,19505882.35,122057,159.8096164087271
New York,2018,19455555.560000002,122057,159.3972943788558
New York,2019,19425287.36,122057,159.14931024029755
North Carolina,1997,7650537.634,125920,60.757128605463784
North Carolina,1998,7807692.308,125920,62.00518033672173
North Carolina,1999,7949745.906,125920,63.13330611499365
North Carolina,2000,8081300.813,125920,64.1780560117535
North Carolina,2001,8208191.125999999,125920,65.18576180114357
North Carolina,2002,8325714.286,125920,66.11907787484117
North Carolina,2003,8411428.571,125920,66.79978217121983
North Carolina,2004,8534090.909,125920,67.77391128494283
North Carolina,2005,8711864.407,125920,69.18570844186785
North Carolina,2006,8898203.593,125920,70.66553043996188
North Carolina,2007,9136094.675,125920,72.55475440756037
North Carolina,2008,9312500,125920,73.95568614993647
North Carolina,2009,9432624.113,125920,74.90965782242694
North Carolina,2010,9558441.558,125920,75.90884337674714
North Carolina,2011,9678832.117,125920,76.8649310435197
North Carolina,2012,9726562.5,125920,77.24398427573063
North Carolina,2013,9859375,125920,78.29872141041932
North Carolina,2014,9946153.845999999,125920,78.98787997141041
North Carolina,2015,10064516.129999999,125920,79.92785999047013
North Carolina,2016,10154471.54,125920,80.64224539390088
North Carolina,2017,10262711.86,125920,81.5018413278272
North Carolina,2018,10350000,125920,82.19504447268106
North Carolina,2019,10478632.48,125920,83.21658576874206
North Dakota,1997,650273.2239999999,178711,3.6386860573775532
North Dakota,1998,648074.3690000001,178711,3.6263820861614566
North Dakota,1999,643982.438,178711,3.603485168792072
North Dakota,2000,641731.298,178711,3.590888630246599
North Dakota,2001,639021.9929999999,178711,3.575728371504831
North Dakota,2002,638376.384,178711,3.5721157847026763
North Dakota,2003,638613.8609999999,178711,3.573444617287128
North Dakota,2004,645618.557,178711,3.612640279557498
North Dakota,2005,645554.202,178711,3.6122801730167704
North Dakota,2006,649367.0889999999,178711,3.6336156643967072
North Dakota,2007,652709.36,178711,3.6523177644353173
North Dakota,2008,657635.468,178711,3.679882424696857
North Dakota,2009,664961.637,178711,3.720876929791675
North Dakota,2010,674329.502,178711,3.773296003044021
North Dakota,2011,685606.061,178711,3.83639541494368
North Dakota,2012,702602.23,178711,3.9314996278908403
North Dakota,2013,722222.222,178711,4.041285774238855
North Dakota,2014,739401.496,178711,4.137414574368674
North Dakota,2015,755874.674,178711,4.22959232503875
North Dakota,2016,755158.184,178711,4.225583114637599
North Dakota,2017,756648.9360000001,178711,4.233924805971653
North Dakota,2018,760256.41,178711,4.254110882933899
North Dakota,2019,764705.882,178711,4.279008466182831
Ohio,1997,11262931.030000001,105829,106.42575314894785
Ohio,1998,11334782.61,105829,107.10469351501006
Ohio,1999,11333624.07,105829,107.09374623212919
Ohio,2000,11363442.69,105829,107.37550850900982
Ohio,2001,11387411.350000001,105829,107.60199330996231
Ohio,2002,11426086.959999999,105829,107.96744710807056
Ohio,2003,11421940.93,105829,107.92827041737142
Ohio,2004,11461206.9,105829,108.29930264861238
Ohio,2005,11472573.840000002,105829,108.40671120392332
Ohio,2006,11484848.48,105829,108.52269680333369
Ohio,2007,11495762.709999999,105829,108.62582760868948
Ohio,2008,11508695.65,105829,108.74803362027421
Ohio,2009,11524038.459999999,105829,108.89301098942633
Ohio,2010,11551401.87,105829,109.15157348174885
Ohio,2011,11524509.8,105829,108.8974647780854
Ohio,2012,11553763.440000001,105829,109.1738884426764
Ohio,2013,11573604.059999999,105829,109.36136654414196
Ohio,2014,11601010.1,105829,109.62033185610748
Ohio,2015,11604395.6,105829,109.65232214232394
Ohio,2016,11664772.729999999,105829,110.22283806896029
Ohio,2017,11653409.09,105829,110.11546069602849
Ohio,2018,11675977.65,105829,110.32871566394844
Ohio,2019,11708333.33,105829,110.63445114288145
Oklahoma,1997,3376712.329,177660,19.006598722278508
Oklahoma,1998,3407017.5439999998,177660,19.177178565799842
Oklahoma,1999,3436941.7649999997,177660,19.34561389733198
Oklahoma,2000,3455172.4140000003,177660,19.44822928064843
Oklahoma,2001,3467190.704,177660,19.515876978498255
Oklahoma,2002,3491408.935,177660,19.652194838455475
Oklahoma,2003,3505050.505,177660,19.728979539569963
Oklahoma,2004,3522968.198,177660,19.829833378363166
Oklahoma,2005,3546666.6670000004,177660,19.96322563886075
Oklahoma,2006,3588815.789,177660,20.200471625576945
Oklahoma,2007,3634551.495,177660,20.457905521783182
Oklahoma,2008,3672131.148,177660,20.66943120567376
Oklahoma,2009,3713286.713,177660,20.901084729258134
Oklahoma,2010,3765124.5549999997,177660,21.192865895530787
Oklahoma,2011,3790780.142,177660,21.337274242935944
Oklahoma,2012,3821167.8830000004,177660,21.508318602949455
Oklahoma,2013,3857677.903,177660,21.713823612518294
Oklahoma,2014,3884758.364,177660,21.866252189575594
Oklahoma,2015,3917968.75,177660,22.05318445345041
Oklahoma,2016,3922448.98,177660,22.078402454125857
Oklahoma,2017,3924369.748,177660,22.089213936733085
Oklahoma,2018,3935742.972,177660,22.15323073286052
Oklahoma,2019,3965065.502,177660,22.318279308792075
Oregon,1997,3293577.982,248608,13.24807722197194
Oregon,1998,3354838.71,248608,13.494492172416011
Oregon,1999,3393081.761,248608,13.648320894741923
Oregon,2000,3426919.901,248608,13.784431317576265
Oregon,2001,3466723.549,248608,13.944537380132578
Oregon,2002,3522522.523,248608,14.168982989284336
Oregon,2003,3553571.429,248608,14.293874006468014
Oregon,2004,3570175.439,248608,14.360661921579354
Oregon,2005,3605263.1580000003,248608,14.50179864686575
Oregon,2006,3663636.3639999996,248608,14.73659883833183
Oregon,2007,3735042.735,248608,15.023823589747714
Oregon,2008,3769911.504,248608,15.164079611275584
Oregon,2009,3813084.1119999997,248608,15.337736967434676
Oregon,2010,3830188.679,248608,15.406538321373407
Oregon,2011,3854166.667,248608,15.502987301293603
Oregon,2012,3904255.3189999997,248608,15.70446373004891
Oregon,2013,3939393.939,248608,15.84580519934998
Oregon,2014,3978947.3680000002,248608,16.004904781825203
Oregon,2015,4031914.894,248608,16.217961183871797
Oregon,2016,4097826.087,248608,16.483082149407903
Oregon,2017,4127659.574,248608,16.603084269210967
Oregon,2018,4168421.0530000003,248608,16.767043108025486
Oregon,2019,4222222.222,248608,16.983452752928304
Pennsylvania,1997,12252212.39,115883,105.72916122295764
Pennsylvania,1998,12271889.399999999,115883,105.89896188396916
Pennsylvania,1999,12263425.93,115883,105.82592727147208
Pennsylvania,2000,12284958.09,115883,106.01173675172372
Pennsylvania,2001,12297911.83,115883,106.12351967070235
Pennsylvania,2002,12303167.42,115883,106.16887222457133
Pennsylvania,2003,12390134.53,115883,106.91934563309545
Pennsylvania,2004,12408888.89,115883,107.08118438424964
Pennsylvania,2005,12460176.99,115883,107.52376957793636
Pennsylvania,2006,12527272.73,115883,108.10276511653996
Pennsylvania,2007,12549549.55,115883,108.29500056091058
Pennsylvania,2008,12612149.53,115883,108.83520041766263
Pennsylvania,2009,12644329.9,115883,109.11289749143533
Pennsylvania,2010,12741293.53,115883,109.94963480406962
Pennsylvania,2011,12739795.92,115883,109.93671133816004
Pennsylvania,2012,12755319.15,115883,110.07066739728864
Pennsylvania,2013,12794871.790000001,115883,110.41198268943677
Pennsylvania,2014,12789743.59,115883,110.36772943399808
Pennsylvania,2015,12796703.3,115883,110.42778750981594
Pennsylvania,2016,12823529.41,115883,110.65928056746891
Pennsylvania,2017,12815476.19,115883,110.58978616363055
Pennsylvania,2018,12802325.58,115883,110.47630437596541
Pennsylvania,2019,12789473.68,115883,110.36540027441471
Rhode Island,1997,1030303.03,2678,384.72853995519046
Rhode Island,1998,1029850.7459999999,2678,384.55965123226287
Rhode Island,1999,1040380.0480000001,2678,388.491429424944
Rhode Island,2000,1052631.5790000001,2678,393.0663103061987
Rhode Island,2001,1056749.7850000001,2678,394.6041019417476
Rhode Island,2002,1063636.364,2678,397.1756400298731
Rhode Island,2003,1074074.074,2678,401.07321657953696
Rhode Island,2004,1078431.373,2678,402.7002886482449
Rhode Island,2005,1066666.667,2678,398.30719454817023
Rhode Island,2006,1060606.061,2678,396.0440855115758
Rhode Island,2007,1057142.857,2678,394.7508801344287
Rhode Island,2008,1049504.95,2678,391.898786407767
Rhode Island,2009,1046728.972,2678,390.8622001493652
Rhode Island,2010,1057692.308,2678,394.95605227781925
Rhode Island,2011,1057692.308,2678,394.95605227781925
Rhode Island,2012,1060606.061,2678,396.0440855115758
Rhode Island,2013,1063157.895,2678,396.9969734876774
Rhode Island,2014,1050000,2678,392.083644510829
Rhode Island,2015,1058823.529,2678,395.37846489917854
Rhode Island,2016,1054945.055,2678,393.93019230769227
Rhode Island,2017,1063829.787,2678,397.2478666915609
Rhode Island,2018,1067307.692,2678,398.54656161314415
Rhode Island,2019,1061224.49,2678,396.27501493651977
South Carolina,1997,3864864.8649999998,77857,49.64055723955457
South Carolina,1998,3926701.571,77857,50.43479161796627
South Carolina,1999,3975733.064,77857,51.06455506890838
South Carolina,2000,4023552.5020000003,77857,51.678750812386816
South Carolina,2001,4065217.391,77857,52.21389715760946
South Carolina,2002,4110552.7640000004,77857,52.79618742052738
South Carolina,2003,4160804.0199999996,77857,53.44161758094968
South Carolina,2004,4200000,77857,53.94505311018919
South Carolina,2005,4259615.385,77857,54.71075670781047
South Carolina,2006,4351219.512,77857,55.88732563545988
South Carolina,2007,4447761.194,77857,57.12731281708774
South Carolina,2008,4526041.667,77857,58.13275192982006
South Carolina,2009,4586592.1790000005,77857,58.910466354984145
South Carolina,2010,4643243.243,77857,59.63809603503859
South Carolina,2011,4666666.667,77857,59.93894790449157
South Carolina,2012,4715189.873,77857,60.5621828865741
South Carolina,2013,4775510.204,77857,61.33694085310248
South Carolina,2014,4819354.839,77857,61.90008398731006
South Carolina,2015,4893333.333000001,77857,62.85026822251051
South Carolina,2016,4952054.795,77857,63.604490219248106
South Carolina,2017,5035971.223,77857,64.68231787764749
South Carolina,2018,5075342.466,77857,65.1880044954211
South Carolina,2019,5140740.741,77857,66.02798388070437
South Dakota,1997,747191.0109999999,196350,3.80540367201426
South Dakota,1998,744186.047,196350,3.7900995518207283
South Dakota,1999,749721.2930000001,196350,3.8182902622867334
South Dakota,2000,754516.4720000001,196350,3.8427118512859693
South Dakota,2001,758001.123,196350,3.860458991596639
South Dakota,2002,762430.939,196350,3.8830198064680417
South Dakota,2003,766666.667,196350,3.9045921415839064
South Dakota,2004,770949.721,196350,3.9264055054749174
South Dakota,2005,773255.814,196350,3.9381503132161955
South Dakota,2006,783625.731,196350,3.990963743315508
South Dakota,2007,794285.714,196350,4.045254463967406
South Dakota,2008,796791.444,196350,4.058016012223071
South Dakota,2009,807692.3080000001,196350,4.113533526865292
South Dakota,2010,816216.216,196350,4.156945332314744
South Dakota,2011,824858.757,196350,4.200961329258976
South Dakota,2012,832402.235,196350,4.239379857397505
South Dakota,2013,846153.846,196350,4.309416073338427
South Dakota,2014,850828.7289999999,196350,4.333225001273236
South Dakota,2015,854545.455,196350,4.352154087089381
South Dakota,2016,865497.076,196350,4.4079301044053985
South Dakota,2017,875000,196350,4.45632798573975
South Dakota,2018,875706.215,196350,4.459924700789407
South Dakota,2019,888888.889,196350,4.527063351158645
Tennessee,1997,5506726.457,106798,51.56207472986386
Tennessee,1998,5570776.256,106798,52.16180317983483
Tennessee,1999,5638366.223,106798,52.794679891009196
Tennessee,2000,5702259.637,106798,53.39294403453248
Tennessee,2001,5750904.159,106798,53.84842561658458
Tennessee,2002,5798165.138,106798,54.290952433566176
Tennessee,2003,5845794.393,106798,54.73692759227701
Tennessee,2004,5916279.07,106798,55.39690883724415
Tennessee,2005,5995327.103,106798,56.137072819715726
Tennessee,2006,6098591.549,106798,57.10398648851102
Tennessee,2007,6177033.493,106798,57.838475374070676
Tennessee,2008,6250000,106798,58.52169516283077
Tennessee,2009,6290123.457,106798,58.89738999794004
Tennessee,2010,6354651.163,106798,59.50159331635424
Tennessee,2011,6393939.394,106798,59.869467536845264
Tennessee,2012,6470588.235,106798,60.58716675405907
Tennessee,2013,6486666.666999999,106798,60.737716689451105
Tennessee,2014,6528662.42,106798,61.13094271428304
Tennessee,2015,6580000,106798,61.611640667428226
Tennessee,2016,6671052.632,106798,62.46420936721662
Tennessee,2017,6717241.379,106798,62.89669637071855
Tennessee,2018,6797101.449,106798,63.64446383827413
Tennessee,2019,6829629.63,106798,63.94904052510346
Texas,1997,19741641.34,676587,29.1782746934245
Texas,1998,20131901.84,676587,29.75508225845309
Texas,1999,20558804.83,676587,30.386047662754383
Texas,2000,20943043.880000003,676587,30.953955485399515
Texas,2001,21322353.69,676587,31.51457785916667
Texas,2002,21667731.63,676587,32.025048707705
Texas,2003,22003278.689999998,676587,32.520989451467436
Texas,2004,22424749.16,676587,33.1439255557674
Texas,2005,22787985.87,676587,33.680791782874934
Texas,2006,23400722.02,676587,34.58641981001704
Texas,2007,23841328.41,676587,35.23763892891823
Texas,2008,24264591.44,676587,35.86322444859272
Texas,2009,24802521.009999998,676587,36.65828786246262
Texas,2010,25221311.48,676587,37.277262909278484
Texas,2011,25600806.45,676587,37.83815895073361
Texas,2012,26125000,676587,38.61292043743081
Texas,2013,26520161.29,676587,39.196971402051766
Texas,2014,27016326.53,676587,39.9303068637145
Texas,2015,27410041.84,676587,40.51222066046199
Texas,2016,27948936.169999998,676587,41.30870999590592
Texas,2017,28293617.02,676587,41.81815054087649
Texas,2018,28648535.56,676587,42.34272245845693
Texas,2019,28949152.54,676587,42.787036316098295
Utah,1997,2121527.778,212818,9.968742202257328
Utah,1998,2170648.464,212818,10.199552970143504
Utah,1999,2202821.869,212818,10.3507309954985
Utah,2000,2245108.136,212818,10.549427849148097
Utah,2001,2284164.859,212818,10.732949557838154
Utah,2002,2327137.546,212818,10.934871796558562
Utah,2003,2360594.796,212818,11.092082417840597
Utah,2004,2400000,212818,11.277241586707891
Utah,2005,2454545.455,212818,11.533542533996185
Utah,2006,2529411.7649999997,212818,11.885328144235919
Utah,2007,2599264.7060000002,212818,12.213556682235525
Utah,2008,2664122.137,212818,12.518312064768958
Utah,2009,2723849.372,212818,12.798961422436072
Utah,2010,2770562.7709999997,212818,13.018460708210771
Utah,2011,2816593.886,212818,13.234754043360994
Utah,2012,2851851.852,212818,13.400425960210132
Utah,2013,2903930.131,212818,13.645134015919707
Utah,2014,2941441.4409999996,212818,13.821394059712993
Utah,2015,2985915.493,212818,14.030370988356246
Utah,2016,3046632.124,212818,14.31566937007208
Utah,2017,3105263.1580000003,212818,14.591167842945616
Utah,2018,3154639.175,212818,14.823178373069947
Utah,2019,3203125,212818,15.051006023926547
Vermont,1997,596330.275,23871,24.981369653554523
Vermont,1998,605769.231,23871,25.376784843533997
Vermont,1999,605018.5869999999,23871,25.345338988731093
Vermont,2000,611510.7910000001,23871,25.61730932931172
Vermont,2001,611829.945,23871,25.630679276109085
Vermont,2002,621359.223,23871,26.02987822043484
Vermont,2003,620370.37,23871,25.988453353441415
Vermont,2004,622807.018,23871,26.090529010095935
Vermont,2005,618181.8180000001,23871,25.89677089355285
Vermont,2006,626168.224,23871,26.231336098194465
Vermont,2007,619047.6190000001,23871,25.933040886431236
Vermont,2008,621052.6320000001,23871,26.01703456076411
Vermont,2009,626262.626,23871,26.23529077122869
Vermont,2010,627659.574,23871,26.293811486741234
Vermont,2011,623655.914,23871,26.126090821498888
Vermont,2012,632183.908,23871,26.483344141426837
Vermont,2013,626373.626,23871,26.239940764944915
Vermont,2014,627659.574,23871,26.293811486741234
Vermont,2015,622448.9800000001,23871,26.075530141175488
Vermont,2016,621052.6320000001,23871,26.01703456076411
Vermont,2017,623655.914,23871,26.126090821498888
Vermont,2018,627659.574,23871,26.293811486741234
Vermont,2019,625000,23871,26.182397050814796
Virginia,1997,6832298.137,102279,66.80059579190254
Virginia,1998,6907407.407,102279,67.53495250246874
Virginia,1999,6998771.499,102279,68.42823550288915
Virginia,2000,7106628.242000001,102279,69.48277008965673
Virginia,2001,7196545.563,102279,70.36190775232453
Virginia,2002,7274390.244,102279,71.1230090634441
Virginia,2003,7386904.762,102279,72.22308354598695
Virginia,2004,7467836.257,102279,73.01436518737962
Virginia,2005,7567251.461999999,102279,73.98636535359164
Virginia,2006,7687500,102279,75.1620567271874
Virginia,2007,7769696.97,102279,75.96571114304989
Virginia,2008,7838926.174,102279,76.64257740103051
Virginia,2009,7902985.075,102279,77.26889268569306
Virginia,2010,8050359.712,102279,78.70980076066446
Virginia,2011,8070866.142,102279,78.91029577919221
Virginia,2012,8216666.667,102279,80.33581348077318
Virginia,2013,8265625,102279,80.81448782252467
Virginia,2014,8325581.3950000005,102279,81.40069217532437
Virginia,2015,8341085.271000001,102279,81.55227633238495
Virginia,2016,8404580.152999999,102279,82.17307710282657
Virginia,2017,8448000,102279,82.5976006804916
Virginia,2018,8534883.721,102279,83.44707829564231
Virginia,2019,8544000,102279,83.53620977913354
Washington,1997,5678571.429,172119,32.99212422219511
Washington,1998,5767123.288,172119,33.50660466305288
Washington,1999,5843792.632999999,172119,33.95204848389776
Washington,2000,5907498.248,172119,34.32217389131937
Washington,2001,5987218.045,172119,34.78534063642015
Washington,2002,6057851.239999999,172119,35.195714825208135
Washington,2003,6104838.71,172119,35.46870891650544
Washington,2004,6158730.159,172119,35.78181466892092
Washington,2005,6236220.472,172119,36.232028259518124
Washington,2006,6363636.364,172119,36.972306160272836
Washington,2007,6464566.9290000005,172119,37.558706063827934
Washington,2008,6545454.545,172119,38.028657760038115
Washington,2009,6686956.522,172119,38.850774882494086
Washington,2010,6733944.954,172119,39.12377456294773
Washington,2011,6821782.178,172119,39.63410302174658
Washington,2012,6928571.429,172119,40.254541503262274
Washington,2013,6962264.151000001,172119,40.450293988461475
Washington,2014,7038834.951,172119,40.895165269377586
Washington,2015,7152380.952,172119,41.55486002126435
Washington,2016,7284403.67,172119,42.32190327622168
Washington,2017,7392523.364,172119,42.95007154352512
Washington,2018,7495238.095000001,172119,43.54683733347277
Washington,2019,7585585.585999999,172119,44.071750277424336
West Virginia,1997,1819967.267,62259,29.232195618304182
West Virginia,1998,1815748.031,62259,29.16442652467916
West Virginia,1999,1811887.3499999999,62259,29.10241651809377
West Virginia,2000,1806683.3229999999,62259,29.01882977561477
West Virginia,2001,1800920.402,62259,28.92626611413611
West Virginia,2002,1806697.108,62259,29.019051189386275
West Virginia,2003,1811616.954,62259,29.098073435166
West Virginia,2004,1814814.8150000002,62259,29.149437270113562
West Virginia,2005,1820634.9209999999,62259,29.242919433334936
West Virginia,2006,1828025.4780000001,62259,29.361626078157375
West Virginia,2007,1833855.7989999999,62259,29.455272314042947
West Virginia,2008,1838499.1840000001,62259,29.52985406126022
West Virginia,2009,1846311.475,62259,29.655334570102315
West Virginia,2010,1856088.561,62259,29.812373488170383
West Virginia,2011,1857685.009,62259,29.838015531890974
West Virginia,2012,1856854.839,62259,29.824681395460896
West Virginia,2013,1856299.213,62259,29.815756966864228
West Virginia,2014,1850000,62259,29.71457941823672
West Virginia,2015,1843687.375,62259,29.613186446939398
West Virginia,2016,1831395.349,62259,29.415752726513436
West Virginia,2017,1819639.279,62259,29.22692749642622
West Virginia,2018,1803643.7249999999,62259,28.970007950657735
West Virginia,2019,1794117.6469999999,62259,28.817000706725132
Wisconsin,1997,5260204.0819999995,140268,37.50109848290415
Wisconsin,1998,5293193.717,140268,37.73628851199133
Wisconsin,1999,5332321.699999999,140268,38.01524011178601
Wisconsin,2000,5373878.365,140268,38.31150629509225
Wisconsin,2001,5408069.459,140268,38.55526177745458
Wisconsin,2002,5441624.365,140268,38.79448174209371
Wisconsin,2003,5471502.591,140268,39.007489883651296
Wisconsin,2004,5528205.128,140268,39.411734166025035
Wisconsin,2005,5550000,140268,39.567114381042
Wisconsin,2006,5572972.972999999,140268,39.73089352525166
Wisconsin,2007,5604278.075,140268,39.95407416516954
Wisconsin,2008,5631016.043,140268,40.14469474862406
Wisconsin,2009,5670588.235,140268,40.42681320757408
Wisconsin,2010,5689655.172,140268,40.56274540165968
Wisconsin,2011,5709302.326,140268,40.70281408446688
Wisconsin,2012,5716981.132,140268,40.757557903441985
Wisconsin,2013,5723163.842,140268,40.80163574015456
Wisconsin,2014,5750000,140268,40.992956340719196
Wisconsin,2015,5774566.474,140268,41.16809588787179
Wisconsin,2016,5759036.145,140268,41.05737691419283
Wisconsin,2017,5800000,140268,41.34941683063849
Wisconsin,2018,5816091.954,140268,41.46413974677047
Wisconsin,2019,5815950.92,140268,41.46313428579576
Wyoming,1997,489238.41099999996,251470,1.9455140215532667
Wyoming,1998,491174.21300000005,251470,1.953211965642025
Wyoming,1999,492014.79,251470,1.9565546188412135
Wyoming,2000,494201.88300000003,251470,1.9652518511154413
Wyoming,2001,494950.28,251470,1.968227939714479
Wyoming,2002,500000,251470,1.9883087445818586
Wyoming,2003,503120.12500000006,251470,2.000716288225236
Wyoming,2004,508688.7839999999,251470,2.0228607149958244
Wyoming,2005,513709.677,251470,2.0428268859108445
Wyoming,2006,523114.35500000004,251470,2.080225692925598
Wyoming,2007,534827.862,251470,2.126805829721239
Wyoming,2008,545897.644,251470,2.1708261184236686
Wyoming,2009,560314.685,251470,2.2281571758062593
Wyoming,2010,565030.1460000001,251470,2.246908760488329
Wyoming,2011,567282.3219999999,251470,2.255864802958603
Wyoming,2012,576490.9249999999,251470,2.292483894699169
Wyoming,2013,582417.582,251470,2.316051942577644
Wyoming,2014,582670.2030000001,251470,2.3170565196643738
Wyoming,2015,585923.218,251470,2.3299925160058854
Wyoming,2016,585482.3300000001,251470,2.328239273074323
Wyoming,2017,579870.729,251470,2.3059240823955145
Wyoming,2018,578422.4839999999,251470,2.30016496599992
Wyoming,2019,579980.373,251470,2.3063600946434963
